,source,target,relationship,weight
0,MMM,HON,industry,0.7
1,AOS,ALLE,industry,0.7
2,AOS,BLDR,industry,0.7
3,AOS,CARR,industry,0.7
4,AOS,JCI,industry,0.7
5,AOS,LII,industry,0.7
6,AOS,MAS,industry,0.7
7,AOS,TT,industry,0.7
8,ALLE,BLDR,industry,0.7
9,ALLE,CARR,industry,0.7
10,ALLE,JCI,industry,0.7
11,ALLE,LII,industry,0.7
12,ALLE,MAS,industry,0.7
13,ALLE,TT,industry,0.7
14,BLDR,CARR,industry,0.7
15,BLDR,JCI,industry,0.7
16,BLDR,LII,industry,0.7
17,BLDR,MAS,industry,0.7
18,BLDR,TT,industry,0.7
19,CARR,JCI,industry,0.7
20,CARR,LII,industry,0.7
21,CARR,MAS,industry,0.7
22,CARR,TT,industry,0.7
23,JCI,LII,industry,0.7
24,JCI,MAS,industry,0.7
25,JCI,TT,industry,0.7
26,LII,MAS,industry,0.7
27,LII,TT,industry,0.7
28,MAS,TT,industry,0.7
29,AME,ETN,industry,0.7
30,AME,EMR,industry,0.7
31,AME,GNRC,industry,0.7
32,AME,ROK,industry,0.7
33,ETN,EMR,industry,0.7
34,ETN,GNRC,industry,0.7
35,ETN,ROK,industry,0.7
36,EMR,GNRC,industry,0.7
37,EMR,ROK,industry,0.7
38,GNRC,ROK,industry,0.7
39,ADP,DAY,industry,0.7
40,ADP,PAYX,industry,0.7
41,ADP,PAYC,industry,0.7
42,DAY,PAYX,industry,0.7
43,DAY,PAYC,industry,0.7
44,PAYX,PAYC,industry,0.7
45,AXON,BA,industry,0.7
46,AXON,GE,industry,0.7
47,AXON,GD,industry,0.7
48,AXON,HWM,industry,0.7
49,AXON,HII,industry,0.7
50,AXON,LHX,industry,0.7
51,AXON,LMT,industry,0.7
52,AXON,NOC,industry,0.7
53,AXON,RTX,industry,0.7
54,AXON,TXT,industry,0.7
55,AXON,TDG,industry,0.7
56,BA,GE,industry,0.7
57,BA,GD,industry,0.7
58,BA,HWM,industry,0.7
59,BA,HII,industry,0.7
60,BA,LHX,industry,0.7
61,BA,LMT,industry,0.7
62,BA,NOC,industry,0.7
63,BA,RTX,industry,0.7
64,BA,TXT,industry,0.7
65,BA,TDG,industry,0.7
66,GE,GD,industry,0.7
67,GE,HWM,industry,0.7
68,GE,HII,industry,0.7
69,GE,LHX,industry,0.7
70,GE,LMT,industry,0.7
71,GE,NOC,industry,0.7
72,GE,RTX,industry,0.7
73,GE,TXT,industry,0.7
74,GE,TDG,industry,0.7
75,GD,HWM,industry,0.7
76,GD,HII,industry,0.7
77,GD,LHX,industry,0.7
78,GD,LMT,industry,0.7
79,GD,NOC,industry,0.7
80,GD,RTX,industry,0.7
81,GD,TXT,industry,0.7
82,GD,TDG,industry,0.7
83,HWM,HII,industry,0.7
84,HWM,LHX,industry,0.7
85,HWM,LMT,industry,0.7
86,HWM,NOC,industry,0.7
87,HWM,RTX,industry,0.7
88,HWM,TXT,industry,0.7
89,HWM,TDG,industry,0.7
90,HII,LHX,industry,0.7
91,HII,LMT,industry,0.7
92,HII,NOC,industry,0.7
93,HII,RTX,industry,0.7
94,HII,TXT,industry,0.7
95,HII,TDG,industry,0.7
96,LHX,LMT,industry,0.7
97,LHX,NOC,industry,0.7
98,LHX,RTX,industry,0.7
99,LHX,TXT,industry,0.7
100,LHX,TDG,industry,0.7
101,LMT,NOC,industry,0.7
102,LMT,RTX,industry,0.7
103,LMT,TXT,industry,0.7
104,LMT,TDG,industry,0.7
105,NOC,RTX,industry,0.7
106,NOC,TXT,industry,0.7
107,NOC,TDG,industry,0.7
108,RTX,TXT,industry,0.7
109,RTX,TDG,industry,0.7
110,TXT,TDG,industry,0.7
111,CHRW,EXPD,industry,0.7
112,CHRW,FDX,industry,0.7
113,CHRW,UPS,industry,0.7
114,EXPD,FDX,industry,0.7
115,EXPD,UPS,industry,0.7
116,FDX,UPS,industry,0.7
117,CAT,CMI,industry,0.7
118,CAT,PCAR,industry,0.7
119,CAT,WAB,industry,0.7
120,CMI,PCAR,industry,0.7
121,CMI,WAB,industry,0.7
122,PCAR,WAB,industry,0.7
123,CTAS,CPRT,industry,0.7
124,CTAS,LDOS,industry,0.7
125,CPRT,LDOS,industry,0.7
126,CSX,NSC,industry,0.7
127,CSX,UNP,industry,0.7
128,NSC,UNP,industry,0.7
129,DAL,LUV,industry,0.7
130,DAL,UAL,industry,0.7
131,LUV,UAL,industry,0.7
132,DOV,FTV,industry,0.7
133,DOV,HUBB,industry,0.7
134,DOV,IEX,industry,0.7
135,DOV,ITW,industry,0.7
136,DOV,IR,industry,0.7
137,DOV,NDSN,industry,0.7
138,DOV,OTIS,industry,0.7
139,DOV,PH,industry,0.7
140,DOV,PNR,industry,0.7
141,DOV,SNA,industry,0.7
142,DOV,SWK,industry,0.7
143,DOV,GWW,industry,0.7
144,DOV,XYL,industry,0.7
145,FTV,HUBB,industry,0.7
146,FTV,IEX,industry,0.7
147,FTV,ITW,industry,0.7
148,FTV,IR,industry,0.7
149,FTV,NDSN,industry,0.7
150,FTV,OTIS,industry,0.7
151,FTV,PH,industry,0.7
152,FTV,PNR,industry,0.7
153,FTV,SNA,industry,0.7
154,FTV,SWK,industry,0.7
155,FTV,GWW,industry,0.7
156,FTV,XYL,industry,0.7
157,HUBB,IEX,industry,0.7
158,HUBB,ITW,industry,0.7
159,HUBB,IR,industry,0.7
160,HUBB,NDSN,industry,0.7
161,HUBB,OTIS,industry,0.7
162,HUBB,PH,industry,0.7
163,HUBB,PNR,industry,0.7
164,HUBB,SNA,industry,0.7
165,HUBB,SWK,industry,0.7
166,HUBB,GWW,industry,0.7
167,HUBB,XYL,industry,0.7
168,IEX,ITW,industry,0.7
169,IEX,IR,industry,0.7
170,IEX,NDSN,industry,0.7
171,IEX,OTIS,industry,0.7
172,IEX,PH,industry,0.7
173,IEX,PNR,industry,0.7
174,IEX,SNA,industry,0.7
175,IEX,SWK,industry,0.7
176,IEX,GWW,industry,0.7
177,IEX,XYL,industry,0.7
178,ITW,IR,industry,0.7
179,ITW,NDSN,industry,0.7
180,ITW,OTIS,industry,0.7
181,ITW,PH,industry,0.7
182,ITW,PNR,industry,0.7
183,ITW,SNA,industry,0.7
184,ITW,SWK,industry,0.7
185,ITW,GWW,industry,0.7
186,ITW,XYL,industry,0.7
187,IR,NDSN,industry,0.7
188,IR,OTIS,industry,0.7
189,IR,PH,industry,0.7
190,IR,PNR,industry,0.7
191,IR,SNA,industry,0.7
192,IR,SWK,industry,0.7
193,IR,GWW,industry,0.7
194,IR,XYL,industry,0.7
195,NDSN,OTIS,industry,0.7
196,NDSN,PH,industry,0.7
197,NDSN,PNR,industry,0.7
198,NDSN,SNA,industry,0.7
199,NDSN,SWK,industry,0.7
200,NDSN,GWW,industry,0.7
201,NDSN,XYL,industry,0.7
202,OTIS,PH,industry,0.7
203,OTIS,PNR,industry,0.7
204,OTIS,SNA,industry,0.7
205,OTIS,SWK,industry,0.7
206,OTIS,GWW,industry,0.7
207,OTIS,XYL,industry,0.7
208,PH,PNR,industry,0.7
209,PH,SNA,industry,0.7
210,PH,SWK,industry,0.7
211,PH,GWW,industry,0.7
212,PH,XYL,industry,0.7
213,PNR,SNA,industry,0.7
214,PNR,SWK,industry,0.7
215,PNR,GWW,industry,0.7
216,PNR,XYL,industry,0.7
217,SNA,SWK,industry,0.7
218,SNA,GWW,industry,0.7
219,SNA,XYL,industry,0.7
220,SWK,GWW,industry,0.7
221,SWK,XYL,industry,0.7
222,GWW,XYL,industry,0.7
223,EFX,VRSK,industry,0.7
224,FAST,URI,industry,0.7
225,JBHT,ODFL,industry,0.7
226,J,PWR,industry,0.7
227,RSG,ROL,industry,0.7
228,RSG,VLTO,industry,0.7
229,RSG,WM,industry,0.7
230,ROL,VLTO,industry,0.7
231,ROL,WM,industry,0.7
232,VLTO,WM,industry,0.7
233,MMM,CTAS,sector,0.3
234,MMM,CPRT,sector,0.3
235,MMM,FTV,sector,0.3
236,MMM,PWR,sector,0.3
237,MMM,LUV,sector,0.3
238,AOS,CTAS,sector,0.3
239,AOS,FDX,sector,0.3
240,AOS,GNRC,sector,0.3
241,AOS,ITW,sector,0.3
242,AOS,J,sector,0.3
243,AOS,LMT,sector,0.3
244,AOS,RTX,sector,0.3
245,AOS,UPS,sector,0.3
246,ALLE,AXON,sector,0.3
247,ALLE,GNRC,sector,0.3
248,ALLE,SNA,sector,0.3
249,ALLE,TXT,sector,0.3
250,AME,CHRW,sector,0.3
251,AME,PAYC,sector,0.3
252,ADP,CTAS,sector,0.3
253,ADP,IR,sector,0.3
254,ADP,JCI,sector,0.3
255,ADP,SNA,sector,0.3
256,ADP,UBER,sector,0.3
257,ADP,URI,sector,0.3
258,ADP,XYL,sector,0.3
259,AXON,CHRW,sector,0.3
260,AXON,FAST,sector,0.3
261,AXON,GNRC,sector,0.3
262,AXON,ITW,sector,0.3
263,AXON,LII,sector,0.3
264,AXON,PNR,sector,0.3
265,AXON,PWR,sector,0.3
266,AXON,ROK,sector,0.3
267,BA,CSX,sector,0.3
268,BA,FDX,sector,0.3
269,BA,JBHT,sector,0.3
270,BA,PAYX,sector,0.3
271,BA,PWR,sector,0.3
272,BA,VRSK,sector,0.3
273,BA,WM,sector,0.3
274,BR,CTAS,sector,0.3
275,BR,FAST,sector,0.3
276,BR,LDOS,sector,0.3
277,BR,NOC,sector,0.3
278,BR,ROK,sector,0.3
279,BR,SWK,sector,0.3
280,BR,UBER,sector,0.3
281,BR,WM,sector,0.3
282,BLDR,CHRW,sector,0.3
283,BLDR,HUBB,sector,0.3
284,BLDR,HII,sector,0.3
285,BLDR,LMT,sector,0.3
286,BLDR,TXT,sector,0.3
287,CHRW,CPRT,sector,0.3
288,CHRW,FAST,sector,0.3
289,CHRW,HON,sector,0.3
290,CHRW,HII,sector,0.3
291,CHRW,RSG,sector,0.3
292,CHRW,UBER,sector,0.3
293,CARR,ETN,sector,0.3
294,CARR,EXPD,sector,0.3
295,CARR,GE,sector,0.3
296,CARR,HII,sector,0.3
297,CARR,IEX,sector,0.3
298,CARR,PH,sector,0.3
299,CARR,UPS,sector,0.3
300,CAT,DOV,sector,0.3
301,CAT,GD,sector,0.3
302,CAT,ITW,sector,0.3
303,CAT,IR,sector,0.3
304,CAT,MAS,sector,0.3
305,CAT,PWR,sector,0.3
306,CAT,ROK,sector,0.3
307,CAT,SNA,sector,0.3
308,CAT,LUV,sector,0.3
309,CAT,VRSK,sector,0.3
310,CAT,WM,sector,0.3
311,CTAS,ETN,sector,0.3
312,CTAS,GEV,sector,0.3
313,CTAS,GNRC,sector,0.3
314,CTAS,ODFL,sector,0.3
315,CTAS,OTIS,sector,0.3
316,CTAS,ROL,sector,0.3
317,CPRT,JBHT,sector,0.3
318,CPRT,OTIS,sector,0.3
319,CPRT,SNA,sector,0.3
320,CPRT,TXT,sector,0.3
321,CPRT,UPS,sector,0.3
322,CPRT,GWW,sector,0.3
323,CSX,ETN,sector,0.3
324,CSX,FTV,sector,0.3
325,CSX,J,sector,0.3
326,CSX,PCAR,sector,0.3
327,CSX,UPS,sector,0.3
328,CMI,DAL,sector,0.3
329,CMI,GE,sector,0.3
330,CMI,JBHT,sector,0.3
331,CMI,JCI,sector,0.3
332,CMI,MAS,sector,0.3
333,CMI,GWW,sector,0.3
334,DAY,HUBB,sector,0.3
335,DAY,LHX,sector,0.3
336,DAY,LDOS,sector,0.3
337,DAY,TT,sector,0.3
338,DAY,TDG,sector,0.3
339,DAY,VLTO,sector,0.3
340,DAY,GWW,sector,0.3
341,DE,GNRC,sector,0.3
342,DE,ITW,sector,0.3
343,DE,PH,sector,0.3
344,DE,RSG,sector,0.3
345,DE,LUV,sector,0.3
346,DAL,FDX,sector,0.3
347,DAL,LMT,sector,0.3
348,DAL,MAS,sector,0.3
349,DAL,ROL,sector,0.3
350,DAL,TXT,sector,0.3
351,DAL,TDG,sector,0.3
352,DAL,WM,sector,0.3
353,DOV,LHX,sector,0.3
354,DOV,LMT,sector,0.3
355,DOV,PAYX,sector,0.3
356,DOV,TDG,sector,0.3
357,ETN,HON,sector,0.3
358,ETN,J,sector,0.3
359,ETN,MAS,sector,0.3
360,ETN,NDSN,sector,0.3
361,ETN,NOC,sector,0.3
362,ETN,ODFL,sector,0.3
363,ETN,OTIS,sector,0.3
364,ETN,SNA,sector,0.3
365,ETN,TT,sector,0.3
366,ETN,TDG,sector,0.3
367,EMR,EFX,sector,0.3
368,EMR,TXT,sector,0.3
369,EFX,GNRC,sector,0.3
370,EFX,HUBB,sector,0.3
371,EFX,LMT,sector,0.3
372,EFX,NDSN,sector,0.3
373,EFX,TXT,sector,0.3
374,EFX,UNP,sector,0.3
375,EFX,VLTO,sector,0.3
376,EXPD,GD,sector,0.3
377,EXPD,HON,sector,0.3
378,EXPD,LHX,sector,0.3
379,EXPD,ROL,sector,0.3
380,EXPD,SNA,sector,0.3
381,EXPD,XYL,sector,0.3
382,FAST,ITW,sector,0.3
383,FAST,IR,sector,0.3
384,FAST,NSC,sector,0.3
385,FAST,ODFL,sector,0.3
386,FAST,OTIS,sector,0.3
387,FAST,RTX,sector,0.3
388,FAST,LUV,sector,0.3
389,FDX,HII,sector,0.3
390,FDX,IR,sector,0.3
391,FDX,NOC,sector,0.3
392,FDX,PH,sector,0.3
393,FDX,UNP,sector,0.3
394,FDX,UAL,sector,0.3
395,FTV,TDG,sector,0.3
396,GE,HUBB,sector,0.3
397,GE,J,sector,0.3
398,GEV,HON,sector,0.3
399,GEV,LDOS,sector,0.3
400,GEV,SWK,sector,0.3
401,GEV,VLTO,sector,0.3
402,GNRC,HII,sector,0.3
403,GNRC,ITW,sector,0.3
404,GNRC,LII,sector,0.3
405,GNRC,OTIS,sector,0.3
406,GNRC,PAYX,sector,0.3
407,GNRC,RSG,sector,0.3
408,GNRC,SWK,sector,0.3
409,GD,OTIS,sector,0.3
410,GD,PAYC,sector,0.3
411,GD,UNP,sector,0.3
412,GD,UAL,sector,0.3
413,GD,URI,sector,0.3
414,HON,HII,sector,0.3
415,HON,PNR,sector,0.3
416,HON,RTX,sector,0.3
417,HON,ROK,sector,0.3
418,HON,UAL,sector,0.3
419,HON,UPS,sector,0.3
420,HON,XYL,sector,0.3
421,HWM,LDOS,sector,0.3
422,HWM,NDSN,sector,0.3
423,HWM,PH,sector,0.3
424,HUBB,NSC,sector,0.3
425,HUBB,PAYX,sector,0.3
426,HUBB,UNP,sector,0.3
427,HUBB,VLTO,sector,0.3
428,HUBB,VRSK,sector,0.3
429,HII,IEX,sector,0.3
430,HII,UNP,sector,0.3
431,IEX,NOC,sector,0.3
432,ITW,TXT,sector,0.3
433,ITW,UPS,sector,0.3
434,IR,LMT,sector,0.3
435,IR,PCAR,sector,0.3
436,IR,TDG,sector,0.3
437,IR,UNP,sector,0.3
438,IR,URI,sector,0.3
439,JBHT,J,sector,0.3
440,JBHT,LII,sector,0.3
441,JBHT,NSC,sector,0.3
442,JBHT,NOC,sector,0.3
443,JBHT,VLTO,sector,0.3
444,J,ODFL,sector,0.3
445,J,PH,sector,0.3
446,J,PAYC,sector,0.3
447,J,RSG,sector,0.3
448,J,ROL,sector,0.3
449,J,WAB,sector,0.3
450,JCI,NDSN,sector,0.3
451,JCI,RSG,sector,0.3
452,JCI,UNP,sector,0.3
453,LHX,ROK,sector,0.3
454,LHX,TT,sector,0.3
455,LHX,UAL,sector,0.3
456,LHX,WM,sector,0.3
457,LDOS,PH,sector,0.3
458,LDOS,RTX,sector,0.3
459,LDOS,SWK,sector,0.3
460,LDOS,UNP,sector,0.3
461,LDOS,WAB,sector,0.3
462,LII,NOC,sector,0.3
463,LII,PNR,sector,0.3
464,LII,WM,sector,0.3
465,LMT,MAS,sector,0.3
466,LMT,PNR,sector,0.3
467,LMT,LUV,sector,0.3
468,LMT,UNP,sector,0.3
469,MAS,PH,sector,0.3
470,MAS,GWW,sector,0.3
471,MAS,WAB,sector,0.3
472,NDSN,PWR,sector,0.3
473,NDSN,RSG,sector,0.3
474,NDSN,UNP,sector,0.3
475,NSC,ROL,sector,0.3
476,NSC,SNA,sector,0.3
477,NOC,ROK,sector,0.3
478,NOC,ROL,sector,0.3
479,NOC,XYL,sector,0.3
480,ODFL,PH,sector,0.3
481,ODFL,PNR,sector,0.3
482,ODFL,SNA,sector,0.3
483,OTIS,RTX,sector,0.3
484,OTIS,TDG,sector,0.3
485,PH,PAYC,sector,0.3
486,PH,RTX,sector,0.3
487,PH,UNP,sector,0.3
488,PAYX,UNP,sector,0.3
489,PAYX,UPS,sector,0.3
490,PAYC,PWR,sector,0.3
491,PAYC,LUV,sector,0.3
492,PAYC,WM,sector,0.3
493,PNR,WM,sector,0.3
494,PWR,RTX,sector,0.3
495,PWR,ROL,sector,0.3
496,PWR,TT,sector,0.3
497,RTX,UNP,sector,0.3
498,RSG,SNA,sector,0.3
499,RSG,SWK,sector,0.3
500,RSG,UPS,sector,0.3
501,ROK,ROL,sector,0.3
502,ROK,TXT,sector,0.3
503,ROK,UAL,sector,0.3
504,ROK,GWW,sector,0.3
505,ROL,UAL,sector,0.3
506,SNA,WAB,sector,0.3
507,LUV,TT,sector,0.3
508,LUV,UNP,sector,0.3
509,SWK,TT,sector,0.3
510,TDG,WAB,sector,0.3
511,UBER,UPS,sector,0.3
512,UBER,URI,sector,0.3
513,UNP,VLTO,sector,0.3
514,VLTO,XYL,sector,0.3
515,VRSK,WAB,sector,0.3
516,WAB,XYL,sector,0.3
517,ABT,BAX,industry,0.7
518,ABT,BDX,industry,0.7
519,ABT,BSX,industry,0.7
520,ABT,DXCM,industry,0.7
521,ABT,EW,industry,0.7
522,ABT,GEHC,industry,0.7
523,ABT,HOLX,industry,0.7
524,ABT,IDXX,industry,0.7
525,ABT,PODD,industry,0.7
526,ABT,ISRG,industry,0.7
527,ABT,MDT,industry,0.7
528,ABT,RMD,industry,0.7
529,ABT,RVTY,industry,0.7
530,ABT,STE,industry,0.7
531,ABT,SYK,industry,0.7
532,ABT,TFX,industry,0.7
533,ABT,ZBH,industry,0.7
534,BAX,BDX,industry,0.7
535,BAX,BSX,industry,0.7
536,BAX,DXCM,industry,0.7
537,BAX,EW,industry,0.7
538,BAX,GEHC,industry,0.7
539,BAX,HOLX,industry,0.7
540,BAX,IDXX,industry,0.7
541,BAX,PODD,industry,0.7
542,BAX,ISRG,industry,0.7
543,BAX,MDT,industry,0.7
544,BAX,RMD,industry,0.7
545,BAX,RVTY,industry,0.7
546,BAX,STE,industry,0.7
547,BAX,SYK,industry,0.7
548,BAX,TFX,industry,0.7
549,BAX,ZBH,industry,0.7
550,BDX,BSX,industry,0.7
551,BDX,DXCM,industry,0.7
552,BDX,EW,industry,0.7
553,BDX,GEHC,industry,0.7
554,BDX,HOLX,industry,0.7
555,BDX,IDXX,industry,0.7
556,BDX,PODD,industry,0.7
557,BDX,ISRG,industry,0.7
558,BDX,MDT,industry,0.7
559,BDX,RMD,industry,0.7
560,BDX,RVTY,industry,0.7
561,BDX,STE,industry,0.7
562,BDX,SYK,industry,0.7
563,BDX,TFX,industry,0.7
564,BDX,ZBH,industry,0.7
565,BSX,DXCM,industry,0.7
566,BSX,EW,industry,0.7
567,BSX,GEHC,industry,0.7
568,BSX,HOLX,industry,0.7
569,BSX,IDXX,industry,0.7
570,BSX,PODD,industry,0.7
571,BSX,ISRG,industry,0.7
572,BSX,MDT,industry,0.7
573,BSX,RMD,industry,0.7
574,BSX,RVTY,industry,0.7
575,BSX,STE,industry,0.7
576,BSX,SYK,industry,0.7
577,BSX,TFX,industry,0.7
578,BSX,ZBH,industry,0.7
579,DXCM,EW,industry,0.7
580,DXCM,GEHC,industry,0.7
581,DXCM,HOLX,industry,0.7
582,DXCM,IDXX,industry,0.7
583,DXCM,PODD,industry,0.7
584,DXCM,ISRG,industry,0.7
585,DXCM,MDT,industry,0.7
586,DXCM,RMD,industry,0.7
587,DXCM,RVTY,industry,0.7
588,DXCM,STE,industry,0.7
589,DXCM,SYK,industry,0.7
590,DXCM,TFX,industry,0.7
591,DXCM,ZBH,industry,0.7
592,EW,GEHC,industry,0.7
593,EW,HOLX,industry,0.7
594,EW,IDXX,industry,0.7
595,EW,PODD,industry,0.7
596,EW,ISRG,industry,0.7
597,EW,MDT,industry,0.7
598,EW,RMD,industry,0.7
599,EW,RVTY,industry,0.7
600,EW,STE,industry,0.7
601,EW,SYK,industry,0.7
602,EW,TFX,industry,0.7
603,EW,ZBH,industry,0.7
604,GEHC,HOLX,industry,0.7
605,GEHC,IDXX,industry,0.7
606,GEHC,PODD,industry,0.7
607,GEHC,ISRG,industry,0.7
608,GEHC,MDT,industry,0.7
609,GEHC,RMD,industry,0.7
610,GEHC,RVTY,industry,0.7
611,GEHC,STE,industry,0.7
612,GEHC,SYK,industry,0.7
613,GEHC,TFX,industry,0.7
614,GEHC,ZBH,industry,0.7
615,HOLX,IDXX,industry,0.7
616,HOLX,PODD,industry,0.7
617,HOLX,ISRG,industry,0.7
618,HOLX,MDT,industry,0.7
619,HOLX,RMD,industry,0.7
620,HOLX,RVTY,industry,0.7
621,HOLX,STE,industry,0.7
622,HOLX,SYK,industry,0.7
623,HOLX,TFX,industry,0.7
624,HOLX,ZBH,industry,0.7
625,IDXX,PODD,industry,0.7
626,IDXX,ISRG,industry,0.7
627,IDXX,MDT,industry,0.7
628,IDXX,RMD,industry,0.7
629,IDXX,RVTY,industry,0.7
630,IDXX,STE,industry,0.7
631,IDXX,SYK,industry,0.7
632,IDXX,TFX,industry,0.7
633,IDXX,ZBH,industry,0.7
634,PODD,ISRG,industry,0.7
635,PODD,MDT,industry,0.7
636,PODD,RMD,industry,0.7
637,PODD,RVTY,industry,0.7
638,PODD,STE,industry,0.7
639,PODD,SYK,industry,0.7
640,PODD,TFX,industry,0.7
641,PODD,ZBH,industry,0.7
642,ISRG,MDT,industry,0.7
643,ISRG,RMD,industry,0.7
644,ISRG,RVTY,industry,0.7
645,ISRG,STE,industry,0.7
646,ISRG,SYK,industry,0.7
647,ISRG,TFX,industry,0.7
648,ISRG,ZBH,industry,0.7
649,MDT,RMD,industry,0.7
650,MDT,RVTY,industry,0.7
651,MDT,STE,industry,0.7
652,MDT,SYK,industry,0.7
653,MDT,TFX,industry,0.7
654,MDT,ZBH,industry,0.7
655,RMD,RVTY,industry,0.7
656,RMD,STE,industry,0.7
657,RMD,SYK,industry,0.7
658,RMD,TFX,industry,0.7
659,RMD,ZBH,industry,0.7
660,RVTY,STE,industry,0.7
661,RVTY,SYK,industry,0.7
662,RVTY,TFX,industry,0.7
663,RVTY,ZBH,industry,0.7
664,STE,SYK,industry,0.7
665,STE,TFX,industry,0.7
666,STE,ZBH,industry,0.7
667,SYK,TFX,industry,0.7
668,SYK,ZBH,industry,0.7
669,TFX,ZBH,industry,0.7
670,ABBV,AMGN,industry,0.7
671,ABBV,BIIB,industry,0.7
672,ABBV,GILD,industry,0.7
673,ABBV,INCY,industry,0.7
674,ABBV,MRNA,industry,0.7
675,ABBV,REGN,industry,0.7
676,ABBV,VRTX,industry,0.7
677,AMGN,BIIB,industry,0.7
678,AMGN,GILD,industry,0.7
679,AMGN,INCY,industry,0.7
680,AMGN,MRNA,industry,0.7
681,AMGN,REGN,industry,0.7
682,AMGN,VRTX,industry,0.7
683,BIIB,GILD,industry,0.7
684,BIIB,INCY,industry,0.7
685,BIIB,MRNA,industry,0.7
686,BIIB,REGN,industry,0.7
687,BIIB,VRTX,industry,0.7
688,GILD,INCY,industry,0.7
689,GILD,MRNA,industry,0.7
690,GILD,REGN,industry,0.7
691,GILD,VRTX,industry,0.7
692,INCY,MRNA,industry,0.7
693,INCY,REGN,industry,0.7
694,INCY,VRTX,industry,0.7
695,MRNA,REGN,industry,0.7
696,MRNA,VRTX,industry,0.7
697,REGN,VRTX,industry,0.7
698,A,TECH,industry,0.7
699,A,CRL,industry,0.7
700,A,DHR,industry,0.7
701,A,IQV,industry,0.7
702,A,MTD,industry,0.7
703,A,TMO,industry,0.7
704,A,WAT,industry,0.7
705,TECH,CRL,industry,0.7
706,TECH,DHR,industry,0.7
707,TECH,IQV,industry,0.7
708,TECH,MTD,industry,0.7
709,TECH,TMO,industry,0.7
710,TECH,WAT,industry,0.7
711,CRL,DHR,industry,0.7
712,CRL,IQV,industry,0.7
713,CRL,MTD,industry,0.7
714,CRL,TMO,industry,0.7
715,CRL,WAT,industry,0.7
716,DHR,IQV,industry,0.7
717,DHR,MTD,industry,0.7
718,DHR,TMO,industry,0.7
719,DHR,WAT,industry,0.7
720,IQV,MTD,industry,0.7
721,IQV,TMO,industry,0.7
722,IQV,WAT,industry,0.7
723,MTD,TMO,industry,0.7
724,MTD,WAT,industry,0.7
725,TMO,WAT,industry,0.7
726,ALGN,COO,industry,0.7
727,ALGN,WST,industry,0.7
728,COO,WST,industry,0.7
729,BMY,JNJ,industry,0.7
730,BMY,LLY,industry,0.7
731,BMY,MRK,industry,0.7
732,BMY,PFE,industry,0.7
733,BMY,VTRS,industry,0.7
734,BMY,ZTS,industry,0.7
735,JNJ,LLY,industry,0.7
736,JNJ,MRK,industry,0.7
737,JNJ,PFE,industry,0.7
738,JNJ,VTRS,industry,0.7
739,JNJ,ZTS,industry,0.7
740,LLY,MRK,industry,0.7
741,LLY,PFE,industry,0.7
742,LLY,VTRS,industry,0.7
743,LLY,ZTS,industry,0.7
744,MRK,PFE,industry,0.7
745,MRK,VTRS,industry,0.7
746,MRK,ZTS,industry,0.7
747,PFE,VTRS,industry,0.7
748,PFE,ZTS,industry,0.7
749,VTRS,ZTS,industry,0.7
750,CAH,COR,industry,0.7
751,CAH,HSIC,industry,0.7
752,CAH,MCK,industry,0.7
753,COR,HSIC,industry,0.7
754,COR,MCK,industry,0.7
755,HSIC,MCK,industry,0.7
756,CNC,ELV,industry,0.7
757,CNC,HUM,industry,0.7
758,CNC,MOH,industry,0.7
759,CNC,UNH,industry,0.7
760,ELV,HUM,industry,0.7
761,ELV,MOH,industry,0.7
762,ELV,UNH,industry,0.7
763,HUM,MOH,industry,0.7
764,HUM,UNH,industry,0.7
765,MOH,UNH,industry,0.7
766,CI,CVS,industry,0.7
767,CI,DVA,industry,0.7
768,CI,LH,industry,0.7
769,CI,DGX,industry,0.7
770,CVS,DVA,industry,0.7
771,CVS,LH,industry,0.7
772,CVS,DGX,industry,0.7
773,DVA,LH,industry,0.7
774,DVA,DGX,industry,0.7
775,LH,DGX,industry,0.7
776,HCA,UHS,industry,0.7
777,ABT,COO,sector,0.3
778,ABT,GILD,sector,0.3
779,ABT,IQV,sector,0.3
780,ABT,LH,sector,0.3
781,ABT,SOLV,sector,0.3
782,ABT,WAT,sector,0.3
783,ABBV,ALGN,sector,0.3
784,ABBV,BSX,sector,0.3
785,ABBV,RVTY,sector,0.3
786,A,CI,sector,0.3
787,A,DXCM,sector,0.3
788,A,ELV,sector,0.3
789,A,HSIC,sector,0.3
790,A,MRK,sector,0.3
791,A,MRNA,sector,0.3
792,A,STE,sector,0.3
793,A,UNH,sector,0.3
794,ALGN,AMGN,sector,0.3
795,ALGN,BIIB,sector,0.3
796,ALGN,LH,sector,0.3
797,ALGN,VTRS,sector,0.3
798,AMGN,DVA,sector,0.3
799,AMGN,DXCM,sector,0.3
800,AMGN,ELV,sector,0.3
801,AMGN,MCK,sector,0.3
802,AMGN,DGX,sector,0.3
803,AMGN,RVTY,sector,0.3
804,AMGN,TMO,sector,0.3
805,AMGN,UHS,sector,0.3
806,BAX,HSIC,sector,0.3
807,BAX,MCK,sector,0.3
808,BAX,VRTX,sector,0.3
809,BAX,ZTS,sector,0.3
810,TECH,GEHC,sector,0.3
811,TECH,LH,sector,0.3
812,TECH,DGX,sector,0.3
813,TECH,RVTY,sector,0.3
814,BIIB,CRL,sector,0.3
815,BIIB,ELV,sector,0.3
816,BIIB,GEHC,sector,0.3
817,BIIB,IDXX,sector,0.3
818,BIIB,IQV,sector,0.3
819,BIIB,TMO,sector,0.3
820,BIIB,UNH,sector,0.3
821,BIIB,ZTS,sector,0.3
822,BSX,HUM,sector,0.3
823,BSX,MRK,sector,0.3
824,BSX,UNH,sector,0.3
825,BSX,UHS,sector,0.3
826,BMY,EW,sector,0.3
827,BMY,ELV,sector,0.3
828,CAH,DHR,sector,0.3
829,CAH,HUM,sector,0.3
830,CAH,PODD,sector,0.3
831,CAH,RMD,sector,0.3
832,CAH,RVTY,sector,0.3
833,COR,CI,sector,0.3
834,COR,ISRG,sector,0.3
835,COR,MRNA,sector,0.3
836,COR,RVTY,sector,0.3
837,CNC,CRL,sector,0.3
838,CNC,DVA,sector,0.3
839,CNC,ZBH,sector,0.3
840,CRL,CI,sector,0.3
841,CRL,IDXX,sector,0.3
842,CRL,SOLV,sector,0.3
843,CRL,TFX,sector,0.3
844,CRL,WST,sector,0.3
845,CI,GEHC,sector,0.3
846,CI,GILD,sector,0.3
847,CI,HOLX,sector,0.3
848,CI,IDXX,sector,0.3
849,CI,ISRG,sector,0.3
850,CI,REGN,sector,0.3
851,CI,UNH,sector,0.3
852,CI,WAT,sector,0.3
853,CI,ZTS,sector,0.3
854,COO,ISRG,sector,0.3
855,COO,IQV,sector,0.3
856,COO,VRTX,sector,0.3
857,CVS,MDT,sector,0.3
858,CVS,MTD,sector,0.3
859,DHR,HOLX,sector,0.3
860,DHR,PODD,sector,0.3
861,DHR,MRK,sector,0.3
862,DHR,MRNA,sector,0.3
863,DHR,PFE,sector,0.3
864,DHR,TFX,sector,0.3
865,DHR,WST,sector,0.3
866,DHR,ZBH,sector,0.3
867,DVA,JNJ,sector,0.3
868,DVA,MRNA,sector,0.3
869,DVA,STE,sector,0.3
870,DVA,WST,sector,0.3
871,DXCM,GILD,sector,0.3
872,DXCM,JNJ,sector,0.3
873,DXCM,MRNA,sector,0.3
874,DXCM,PFE,sector,0.3
875,EW,PFE,sector,0.3
876,ELV,GEHC,sector,0.3
877,ELV,GILD,sector,0.3
878,ELV,ISRG,sector,0.3
879,ELV,TFX,sector,0.3
880,ELV,UHS,sector,0.3
881,GEHC,LLY,sector,0.3
882,GEHC,WST,sector,0.3
883,GILD,MTD,sector,0.3
884,GILD,SYK,sector,0.3
885,GILD,ZTS,sector,0.3
886,HCA,INCY,sector,0.3
887,HCA,MOH,sector,0.3
888,HCA,TFX,sector,0.3
889,HCA,UNH,sector,0.3
890,HSIC,HOLX,sector,0.3
891,HSIC,IQV,sector,0.3
892,HSIC,UNH,sector,0.3
893,HSIC,ZBH,sector,0.3
894,HOLX,LH,sector,0.3
895,HOLX,DGX,sector,0.3
896,HOLX,REGN,sector,0.3
897,HOLX,VTRS,sector,0.3
898,HOLX,WAT,sector,0.3
899,HOLX,WST,sector,0.3
900,HUM,PODD,sector,0.3
901,HUM,LH,sector,0.3
902,HUM,STE,sector,0.3
903,HUM,SYK,sector,0.3
904,HUM,WAT,sector,0.3
905,HUM,ZTS,sector,0.3
906,IDXX,MRK,sector,0.3
907,IDXX,SOLV,sector,0.3
908,INCY,DGX,sector,0.3
909,PODD,VRTX,sector,0.3
910,ISRG,SOLV,sector,0.3
911,ISRG,VRTX,sector,0.3
912,IQV,JNJ,sector,0.3
913,IQV,MOH,sector,0.3
914,JNJ,MDT,sector,0.3
915,JNJ,MTD,sector,0.3
916,JNJ,SOLV,sector,0.3
917,JNJ,UNH,sector,0.3
918,LH,MOH,sector,0.3
919,MCK,SOLV,sector,0.3
920,MRK,TFX,sector,0.3
921,MRNA,MOH,sector,0.3
922,MRNA,UHS,sector,0.3
923,MOH,TFX,sector,0.3
924,PFE,VRTX,sector,0.3
925,DGX,REGN,sector,0.3
926,DGX,TFX,sector,0.3
927,REGN,RVTY,sector,0.3
928,REGN,SYK,sector,0.3
929,REGN,TMO,sector,0.3
930,RMD,TMO,sector,0.3
931,RVTY,UHS,sector,0.3
932,RVTY,WAT,sector,0.3
933,SOLV,TMO,sector,0.3
934,SOLV,VTRS,sector,0.3
935,STE,ZTS,sector,0.3
936,TFX,TMO,sector,0.3
937,TFX,WAT,sector,0.3
938,TMO,VTRS,sector,0.3
939,VTRS,WST,sector,0.3
940,WAT,ZBH,sector,0.3
941,ACN,CTSH,industry,0.7
942,ACN,EPAM,industry,0.7
943,ACN,IT,industry,0.7
944,ACN,IBM,industry,0.7
945,CTSH,EPAM,industry,0.7
946,CTSH,IT,industry,0.7
947,CTSH,IBM,industry,0.7
948,EPAM,IT,industry,0.7
949,EPAM,IBM,industry,0.7
950,IT,IBM,industry,0.7
951,ADBE,ANSS,industry,0.7
952,ADBE,ADSK,industry,0.7
953,ADBE,CDNS,industry,0.7
954,ADBE,FICO,industry,0.7
955,ADBE,INTU,industry,0.7
956,ADBE,ORCL,industry,0.7
957,ADBE,PTC,industry,0.7
958,ADBE,CRM,industry,0.7
959,ADBE,SNPS,industry,0.7
960,ADBE,TYL,industry,0.7
961,ADBE,WDAY,industry,0.7
962,ANSS,ADSK,industry,0.7
963,ANSS,CDNS,industry,0.7
964,ANSS,FICO,industry,0.7
965,ANSS,INTU,industry,0.7
966,ANSS,ORCL,industry,0.7
967,ANSS,PTC,industry,0.7
968,ANSS,CRM,industry,0.7
969,ANSS,SNPS,industry,0.7
970,ANSS,TYL,industry,0.7
971,ANSS,WDAY,industry,0.7
972,ADSK,CDNS,industry,0.7
973,ADSK,FICO,industry,0.7
974,ADSK,INTU,industry,0.7
975,ADSK,ORCL,industry,0.7
976,ADSK,PTC,industry,0.7
977,ADSK,CRM,industry,0.7
978,ADSK,SNPS,industry,0.7
979,ADSK,TYL,industry,0.7
980,ADSK,WDAY,industry,0.7
981,CDNS,FICO,industry,0.7
982,CDNS,INTU,industry,0.7
983,CDNS,ORCL,industry,0.7
984,CDNS,PTC,industry,0.7
985,CDNS,CRM,industry,0.7
986,CDNS,SNPS,industry,0.7
987,CDNS,TYL,industry,0.7
988,CDNS,WDAY,industry,0.7
989,FICO,INTU,industry,0.7
990,FICO,ORCL,industry,0.7
991,FICO,PTC,industry,0.7
992,FICO,CRM,industry,0.7
993,FICO,SNPS,industry,0.7
994,FICO,TYL,industry,0.7
995,FICO,WDAY,industry,0.7
996,INTU,ORCL,industry,0.7
997,INTU,PTC,industry,0.7
998,INTU,CRM,industry,0.7
999,INTU,SNPS,industry,0.7
1000,INTU,TYL,industry,0.7
1001,INTU,WDAY,industry,0.7
1002,ORCL,PTC,industry,0.7
1003,ORCL,CRM,industry,0.7
1004,ORCL,SNPS,industry,0.7
1005,ORCL,TYL,industry,0.7
1006,ORCL,WDAY,industry,0.7
1007,PTC,CRM,industry,0.7
1008,PTC,SNPS,industry,0.7
1009,PTC,TYL,industry,0.7
1010,PTC,WDAY,industry,0.7
1011,CRM,SNPS,industry,0.7
1012,CRM,TYL,industry,0.7
1013,CRM,WDAY,industry,0.7
1014,SNPS,TYL,industry,0.7
1015,SNPS,WDAY,industry,0.7
1016,TYL,WDAY,industry,0.7
1017,AMD,ADI,industry,0.7
1018,AMD,AVGO,industry,0.7
1019,AMD,FSLR,industry,0.7
1020,AMD,INTC,industry,0.7
1021,AMD,MCHP,industry,0.7
1022,AMD,MU,industry,0.7
1023,AMD,MPWR,industry,0.7
1024,AMD,NVDA,industry,0.7
1025,AMD,NXPI,industry,0.7
1026,AMD,ON,industry,0.7
1027,AMD,QCOM,industry,0.7
1028,AMD,SWKS,industry,0.7
1029,AMD,TXN,industry,0.7
1030,ADI,AVGO,industry,0.7
1031,ADI,FSLR,industry,0.7
1032,ADI,INTC,industry,0.7
1033,ADI,MCHP,industry,0.7
1034,ADI,MU,industry,0.7
1035,ADI,MPWR,industry,0.7
1036,ADI,NVDA,industry,0.7
1037,ADI,NXPI,industry,0.7
1038,ADI,ON,industry,0.7
1039,ADI,QCOM,industry,0.7
1040,ADI,SWKS,industry,0.7
1041,ADI,TXN,industry,0.7
1042,AVGO,FSLR,industry,0.7
1043,AVGO,INTC,industry,0.7
1044,AVGO,MCHP,industry,0.7
1045,AVGO,MU,industry,0.7
1046,AVGO,MPWR,industry,0.7
1047,AVGO,NVDA,industry,0.7
1048,AVGO,NXPI,industry,0.7
1049,AVGO,ON,industry,0.7
1050,AVGO,QCOM,industry,0.7
1051,AVGO,SWKS,industry,0.7
1052,AVGO,TXN,industry,0.7
1053,FSLR,INTC,industry,0.7
1054,FSLR,MCHP,industry,0.7
1055,FSLR,MU,industry,0.7
1056,FSLR,MPWR,industry,0.7
1057,FSLR,NVDA,industry,0.7
1058,FSLR,NXPI,industry,0.7
1059,FSLR,ON,industry,0.7
1060,FSLR,QCOM,industry,0.7
1061,FSLR,SWKS,industry,0.7
1062,FSLR,TXN,industry,0.7
1063,INTC,MCHP,industry,0.7
1064,INTC,MU,industry,0.7
1065,INTC,MPWR,industry,0.7
1066,INTC,NVDA,industry,0.7
1067,INTC,NXPI,industry,0.7
1068,INTC,ON,industry,0.7
1069,INTC,QCOM,industry,0.7
1070,INTC,SWKS,industry,0.7
1071,INTC,TXN,industry,0.7
1072,MCHP,MU,industry,0.7
1073,MCHP,MPWR,industry,0.7
1074,MCHP,NVDA,industry,0.7
1075,MCHP,NXPI,industry,0.7
1076,MCHP,ON,industry,0.7
1077,MCHP,QCOM,industry,0.7
1078,MCHP,SWKS,industry,0.7
1079,MCHP,TXN,industry,0.7
1080,MU,MPWR,industry,0.7
1081,MU,NVDA,industry,0.7
1082,MU,NXPI,industry,0.7
1083,MU,ON,industry,0.7
1084,MU,QCOM,industry,0.7
1085,MU,SWKS,industry,0.7
1086,MU,TXN,industry,0.7
1087,MPWR,NVDA,industry,0.7
1088,MPWR,NXPI,industry,0.7
1089,MPWR,ON,industry,0.7
1090,MPWR,QCOM,industry,0.7
1091,MPWR,SWKS,industry,0.7
1092,MPWR,TXN,industry,0.7
1093,NVDA,NXPI,industry,0.7
1094,NVDA,ON,industry,0.7
1095,NVDA,QCOM,industry,0.7
1096,NVDA,SWKS,industry,0.7
1097,NVDA,TXN,industry,0.7
1098,NXPI,ON,industry,0.7
1099,NXPI,QCOM,industry,0.7
1100,NXPI,SWKS,industry,0.7
1101,NXPI,TXN,industry,0.7
1102,ON,QCOM,industry,0.7
1103,ON,SWKS,industry,0.7
1104,ON,TXN,industry,0.7
1105,QCOM,SWKS,industry,0.7
1106,QCOM,TXN,industry,0.7
1107,SWKS,TXN,industry,0.7
1108,AKAM,GDDY,industry,0.7
1109,AKAM,PLTR,industry,0.7
1110,AKAM,VRSN,industry,0.7
1111,GDDY,PLTR,industry,0.7
1112,GDDY,VRSN,industry,0.7
1113,PLTR,VRSN,industry,0.7
1114,APH,GLW,industry,0.7
1115,AAPL,DELL,industry,0.7
1116,AAPL,HPE,industry,0.7
1117,AAPL,HPQ,industry,0.7
1118,AAPL,NTAP,industry,0.7
1119,AAPL,STX,industry,0.7
1120,AAPL,SMCI,industry,0.7
1121,AAPL,WDC,industry,0.7
1122,DELL,HPE,industry,0.7
1123,DELL,HPQ,industry,0.7
1124,DELL,NTAP,industry,0.7
1125,DELL,STX,industry,0.7
1126,DELL,SMCI,industry,0.7
1127,DELL,WDC,industry,0.7
1128,HPE,HPQ,industry,0.7
1129,HPE,NTAP,industry,0.7
1130,HPE,STX,industry,0.7
1131,HPE,SMCI,industry,0.7
1132,HPE,WDC,industry,0.7
1133,HPQ,NTAP,industry,0.7
1134,HPQ,STX,industry,0.7
1135,HPQ,SMCI,industry,0.7
1136,HPQ,WDC,industry,0.7
1137,NTAP,STX,industry,0.7
1138,NTAP,SMCI,industry,0.7
1139,NTAP,WDC,industry,0.7
1140,STX,SMCI,industry,0.7
1141,STX,WDC,industry,0.7
1142,SMCI,WDC,industry,0.7
1143,AMAT,ENPH,industry,0.7
1144,AMAT,KLAC,industry,0.7
1145,AMAT,LRCX,industry,0.7
1146,AMAT,TER,industry,0.7
1147,ENPH,KLAC,industry,0.7
1148,ENPH,LRCX,industry,0.7
1149,ENPH,TER,industry,0.7
1150,KLAC,LRCX,industry,0.7
1151,KLAC,TER,industry,0.7
1152,LRCX,TER,industry,0.7
1153,ANET,CSCO,industry,0.7
1154,ANET,FFIV,industry,0.7
1155,ANET,JNPR,industry,0.7
1156,ANET,MSI,industry,0.7
1157,CSCO,FFIV,industry,0.7
1158,CSCO,JNPR,industry,0.7
1159,CSCO,MSI,industry,0.7
1160,FFIV,JNPR,industry,0.7
1161,FFIV,MSI,industry,0.7
1162,JNPR,MSI,industry,0.7
1163,CRWD,FTNT,industry,0.7
1164,CRWD,GEN,industry,0.7
1165,CRWD,MSFT,industry,0.7
1166,CRWD,PANW,industry,0.7
1167,CRWD,NOW,industry,0.7
1168,FTNT,GEN,industry,0.7
1169,FTNT,MSFT,industry,0.7
1170,FTNT,PANW,industry,0.7
1171,FTNT,NOW,industry,0.7
1172,GEN,MSFT,industry,0.7
1173,GEN,PANW,industry,0.7
1174,GEN,NOW,industry,0.7
1175,MSFT,PANW,industry,0.7
1176,MSFT,NOW,industry,0.7
1177,PANW,NOW,industry,0.7
1178,JBL,TEL,industry,0.7
1179,KEYS,ROP,industry,0.7
1180,KEYS,TDY,industry,0.7
1181,KEYS,TRMB,industry,0.7
1182,KEYS,ZBRA,industry,0.7
1183,ROP,TDY,industry,0.7
1184,ROP,TRMB,industry,0.7
1185,ROP,ZBRA,industry,0.7
1186,TDY,TRMB,industry,0.7
1187,TDY,ZBRA,industry,0.7
1188,TRMB,ZBRA,industry,0.7
1189,ACN,ADBE,sector,0.3
1190,ACN,FICO,sector,0.3
1191,ACN,PTC,sector,0.3
1192,ACN,CRM,sector,0.3
1193,ACN,SMCI,sector,0.3
1194,ACN,TDY,sector,0.3
1195,ACN,TXN,sector,0.3
1196,ADBE,FSLR,sector,0.3
1197,ADBE,STX,sector,0.3
1198,AMD,EPAM,sector,0.3
1199,AMD,FFIV,sector,0.3
1200,AMD,MSFT,sector,0.3
1201,AMD,SMCI,sector,0.3
1202,AKAM,APH,sector,0.3
1203,AKAM,CTSH,sector,0.3
1204,AKAM,MSI,sector,0.3
1205,AKAM,NOW,sector,0.3
1206,AKAM,TEL,sector,0.3
1207,AKAM,TRMB,sector,0.3
1208,APH,AAPL,sector,0.3
1209,APH,CSCO,sector,0.3
1210,APH,DELL,sector,0.3
1211,APH,ENPH,sector,0.3
1212,APH,FICO,sector,0.3
1213,APH,GDDY,sector,0.3
1214,APH,KEYS,sector,0.3
1215,APH,PTC,sector,0.3
1216,APH,TDY,sector,0.3
1217,APH,TER,sector,0.3
1218,APH,VRSN,sector,0.3
1219,ADI,HPE,sector,0.3
1220,ADI,NTAP,sector,0.3
1221,ADI,ORCL,sector,0.3
1222,ADI,ROP,sector,0.3
1223,ANSS,CSCO,sector,0.3
1224,ANSS,MCHP,sector,0.3
1225,ANSS,NVDA,sector,0.3
1226,ANSS,SMCI,sector,0.3
1227,ANSS,TER,sector,0.3
1228,AAPL,CRWD,sector,0.3
1229,AAPL,FFIV,sector,0.3
1230,AAPL,IBM,sector,0.3
1231,AAPL,SWKS,sector,0.3
1232,AAPL,SNPS,sector,0.3
1233,AAPL,TXN,sector,0.3
1234,AAPL,TRMB,sector,0.3
1235,AMAT,ADSK,sector,0.3
1236,AMAT,CDNS,sector,0.3
1237,AMAT,MCHP,sector,0.3
1238,AMAT,MSFT,sector,0.3
1239,AMAT,ON,sector,0.3
1240,AMAT,CRM,sector,0.3
1241,AMAT,SWKS,sector,0.3
1242,AMAT,TDY,sector,0.3
1243,ANET,NTAP,sector,0.3
1244,ANET,SWKS,sector,0.3
1245,ADSK,GLW,sector,0.3
1246,ADSK,CRWD,sector,0.3
1247,ADSK,KLAC,sector,0.3
1248,ADSK,MCHP,sector,0.3
1249,ADSK,NTAP,sector,0.3
1250,ADSK,QCOM,sector,0.3
1251,AVGO,GLW,sector,0.3
1252,AVGO,GDDY,sector,0.3
1253,AVGO,HPQ,sector,0.3
1254,AVGO,WDC,sector,0.3
1255,CDNS,KLAC,sector,0.3
1256,CDNS,MCHP,sector,0.3
1257,CDNS,TDY,sector,0.3
1258,CDNS,TXN,sector,0.3
1259,CDW,GDDY,sector,0.3
1260,CDW,JBL,sector,0.3
1261,CDW,MSI,sector,0.3
1262,CDW,ORCL,sector,0.3
1263,CDW,STX,sector,0.3
1264,CDW,WDC,sector,0.3
1265,CSCO,DELL,sector,0.3
1266,CSCO,JBL,sector,0.3
1267,CSCO,MU,sector,0.3
1268,CSCO,ON,sector,0.3
1269,CSCO,PANW,sector,0.3
1270,CSCO,PTC,sector,0.3
1271,CSCO,SMCI,sector,0.3
1272,CTSH,HPE,sector,0.3
1273,CTSH,KLAC,sector,0.3
1274,GLW,GDDY,sector,0.3
1275,GLW,KLAC,sector,0.3
1276,GLW,ORCL,sector,0.3
1277,CRWD,GDDY,sector,0.3
1278,CRWD,JNPR,sector,0.3
1279,CRWD,NXPI,sector,0.3
1280,CRWD,ZBRA,sector,0.3
1281,DELL,GDDY,sector,0.3
1282,DELL,IBM,sector,0.3
1283,DELL,MSI,sector,0.3
1284,DELL,TDY,sector,0.3
1285,DELL,TER,sector,0.3
1286,ENPH,GDDY,sector,0.3
1287,ENPH,HPE,sector,0.3
1288,ENPH,INTU,sector,0.3
1289,EPAM,INTC,sector,0.3
1290,EPAM,MSI,sector,0.3
1291,EPAM,SMCI,sector,0.3
1292,FFIV,FICO,sector,0.3
1293,FFIV,GDDY,sector,0.3
1294,FFIV,KEYS,sector,0.3
1295,FFIV,PANW,sector,0.3
1296,FFIV,SNPS,sector,0.3
1297,FFIV,TRMB,sector,0.3
1298,FFIV,VRSN,sector,0.3
1299,FFIV,WDAY,sector,0.3
1300,FICO,GEN,sector,0.3
1301,FICO,IBM,sector,0.3
1302,FICO,NVDA,sector,0.3
1303,FICO,TDY,sector,0.3
1304,FICO,VRSN,sector,0.3
1305,FICO,WDC,sector,0.3
1306,FTNT,MPWR,sector,0.3
1307,FTNT,SMCI,sector,0.3
1308,FTNT,TYL,sector,0.3
1309,IT,JBL,sector,0.3
1310,IT,ON,sector,0.3
1311,IT,PLTR,sector,0.3
1312,IT,TEL,sector,0.3
1313,IT,TDY,sector,0.3
1314,GEN,KLAC,sector,0.3
1315,GEN,LRCX,sector,0.3
1316,GEN,MU,sector,0.3
1317,GEN,STX,sector,0.3
1318,GEN,SMCI,sector,0.3
1319,GEN,TEL,sector,0.3
1320,GDDY,IBM,sector,0.3
1321,GDDY,NXPI,sector,0.3
1322,GDDY,QCOM,sector,0.3
1323,GDDY,SWKS,sector,0.3
1324,HPE,QCOM,sector,0.3
1325,HPE,TER,sector,0.3
1326,HPE,VRSN,sector,0.3
1327,HPQ,MPWR,sector,0.3
1328,HPQ,ORCL,sector,0.3
1329,IBM,LRCX,sector,0.3
1330,IBM,TEL,sector,0.3
1331,IBM,TYL,sector,0.3
1332,INTC,INTU,sector,0.3
1333,INTC,JBL,sector,0.3
1334,INTC,NOW,sector,0.3
1335,INTC,TER,sector,0.3
1336,INTC,TYL,sector,0.3
1337,INTU,KLAC,sector,0.3
1338,INTU,STX,sector,0.3
1339,INTU,TXN,sector,0.3
1340,JBL,LRCX,sector,0.3
1341,JBL,QCOM,sector,0.3
1342,JBL,SMCI,sector,0.3
1343,JNPR,KLAC,sector,0.3
1344,JNPR,SWKS,sector,0.3
1345,JNPR,SNPS,sector,0.3
1346,JNPR,TRMB,sector,0.3
1347,KEYS,MSFT,sector,0.3
1348,KEYS,ORCL,sector,0.3
1349,KEYS,PANW,sector,0.3
1350,KLAC,MCHP,sector,0.3
1351,KLAC,ROP,sector,0.3
1352,KLAC,SWKS,sector,0.3
1353,KLAC,SNPS,sector,0.3
1354,KLAC,TEL,sector,0.3
1355,KLAC,WDC,sector,0.3
1356,LRCX,PANW,sector,0.3
1357,LRCX,QCOM,sector,0.3
1358,LRCX,SNPS,sector,0.3
1359,LRCX,TEL,sector,0.3
1360,MCHP,NTAP,sector,0.3
1361,MCHP,NOW,sector,0.3
1362,MCHP,TDY,sector,0.3
1363,MU,PTC,sector,0.3
1364,MU,ROP,sector,0.3
1365,MU,STX,sector,0.3
1366,MU,VRSN,sector,0.3
1367,MSFT,MPWR,sector,0.3
1368,MPWR,MSI,sector,0.3
1369,MSI,ORCL,sector,0.3
1370,MSI,TEL,sector,0.3
1371,NTAP,TEL,sector,0.3
1372,NVDA,PTC,sector,0.3
1373,NVDA,NOW,sector,0.3
1374,NXPI,SNPS,sector,0.3
1375,NXPI,VRSN,sector,0.3
1376,ON,PLTR,sector,0.3
1377,ON,CRM,sector,0.3
1378,ON,NOW,sector,0.3
1379,ON,WDAY,sector,0.3
1380,ORCL,TEL,sector,0.3
1381,ORCL,WDC,sector,0.3
1382,ORCL,ZBRA,sector,0.3
1383,PANW,SWKS,sector,0.3
1384,PTC,TEL,sector,0.3
1385,PTC,TER,sector,0.3
1386,QCOM,SNPS,sector,0.3
1387,QCOM,TEL,sector,0.3
1388,ROP,VRSN,sector,0.3
1389,CRM,VRSN,sector,0.3
1390,STX,TEL,sector,0.3
1391,STX,TYL,sector,0.3
1392,NOW,SNPS,sector,0.3
1393,NOW,TER,sector,0.3
1394,SWKS,SMCI,sector,0.3
1395,SNPS,VRSN,sector,0.3
1396,TEL,TXN,sector,0.3
1397,TEL,VRSN,sector,0.3
1398,TER,ZBRA,sector,0.3
1399,TXN,WDC,sector,0.3
1400,TRMB,WDAY,sector,0.3
1401,AES,NRG,industry,0.7
1402,LNT,AEP,industry,0.7
1403,LNT,CEG,industry,0.7
1404,LNT,DUK,industry,0.7
1405,LNT,EIX,industry,0.7
1406,LNT,ETR,industry,0.7
1407,LNT,EVRG,industry,0.7
1408,LNT,ES,industry,0.7
1409,LNT,EXC,industry,0.7
1410,LNT,FE,industry,0.7
1411,LNT,PPL,industry,0.7
1412,LNT,PEG,industry,0.7
1413,LNT,SO,industry,0.7
1414,LNT,VST,industry,0.7
1415,LNT,WEC,industry,0.7
1416,AEP,CEG,industry,0.7
1417,AEP,DUK,industry,0.7
1418,AEP,EIX,industry,0.7
1419,AEP,ETR,industry,0.7
1420,AEP,EVRG,industry,0.7
1421,AEP,ES,industry,0.7
1422,AEP,EXC,industry,0.7
1423,AEP,FE,industry,0.7
1424,AEP,PPL,industry,0.7
1425,AEP,PEG,industry,0.7
1426,AEP,SO,industry,0.7
1427,AEP,VST,industry,0.7
1428,AEP,WEC,industry,0.7
1429,CEG,DUK,industry,0.7
1430,CEG,EIX,industry,0.7
1431,CEG,ETR,industry,0.7
1432,CEG,EVRG,industry,0.7
1433,CEG,ES,industry,0.7
1434,CEG,EXC,industry,0.7
1435,CEG,FE,industry,0.7
1436,CEG,PPL,industry,0.7
1437,CEG,PEG,industry,0.7
1438,CEG,SO,industry,0.7
1439,CEG,VST,industry,0.7
1440,CEG,WEC,industry,0.7
1441,DUK,EIX,industry,0.7
1442,DUK,ETR,industry,0.7
1443,DUK,EVRG,industry,0.7
1444,DUK,ES,industry,0.7
1445,DUK,EXC,industry,0.7
1446,DUK,FE,industry,0.7
1447,DUK,PPL,industry,0.7
1448,DUK,PEG,industry,0.7
1449,DUK,SO,industry,0.7
1450,DUK,VST,industry,0.7
1451,DUK,WEC,industry,0.7
1452,EIX,ETR,industry,0.7
1453,EIX,EVRG,industry,0.7
1454,EIX,ES,industry,0.7
1455,EIX,EXC,industry,0.7
1456,EIX,FE,industry,0.7
1457,EIX,PPL,industry,0.7
1458,EIX,PEG,industry,0.7
1459,EIX,SO,industry,0.7
1460,EIX,VST,industry,0.7
1461,EIX,WEC,industry,0.7
1462,ETR,EVRG,industry,0.7
1463,ETR,ES,industry,0.7
1464,ETR,EXC,industry,0.7
1465,ETR,FE,industry,0.7
1466,ETR,PPL,industry,0.7
1467,ETR,PEG,industry,0.7
1468,ETR,SO,industry,0.7
1469,ETR,VST,industry,0.7
1470,ETR,WEC,industry,0.7
1471,EVRG,ES,industry,0.7
1472,EVRG,EXC,industry,0.7
1473,EVRG,FE,industry,0.7
1474,EVRG,PPL,industry,0.7
1475,EVRG,PEG,industry,0.7
1476,EVRG,SO,industry,0.7
1477,EVRG,VST,industry,0.7
1478,EVRG,WEC,industry,0.7
1479,ES,EXC,industry,0.7
1480,ES,FE,industry,0.7
1481,ES,PPL,industry,0.7
1482,ES,PEG,industry,0.7
1483,ES,SO,industry,0.7
1484,ES,VST,industry,0.7
1485,ES,WEC,industry,0.7
1486,EXC,FE,industry,0.7
1487,EXC,PPL,industry,0.7
1488,EXC,PEG,industry,0.7
1489,EXC,SO,industry,0.7
1490,EXC,VST,industry,0.7
1491,EXC,WEC,industry,0.7
1492,FE,PPL,industry,0.7
1493,FE,PEG,industry,0.7
1494,FE,SO,industry,0.7
1495,FE,VST,industry,0.7
1496,FE,WEC,industry,0.7
1497,PPL,PEG,industry,0.7
1498,PPL,SO,industry,0.7
1499,PPL,VST,industry,0.7
1500,PPL,WEC,industry,0.7
1501,PEG,SO,industry,0.7
1502,PEG,VST,industry,0.7
1503,PEG,WEC,industry,0.7
1504,SO,VST,industry,0.7
1505,SO,WEC,industry,0.7
1506,VST,WEC,industry,0.7
1507,AEE,CNP,industry,0.7
1508,AEE,CMS,industry,0.7
1509,AEE,ED,industry,0.7
1510,AEE,D,industry,0.7
1511,AEE,DTE,industry,0.7
1512,AEE,NEE,industry,0.7
1513,AEE,NI,industry,0.7
1514,AEE,PCG,industry,0.7
1515,AEE,PNW,industry,0.7
1516,AEE,SRE,industry,0.7
1517,AEE,XEL,industry,0.7
1518,CNP,CMS,industry,0.7
1519,CNP,ED,industry,0.7
1520,CNP,D,industry,0.7
1521,CNP,DTE,industry,0.7
1522,CNP,NEE,industry,0.7
1523,CNP,NI,industry,0.7
1524,CNP,PCG,industry,0.7
1525,CNP,PNW,industry,0.7
1526,CNP,SRE,industry,0.7
1527,CNP,XEL,industry,0.7
1528,CMS,ED,industry,0.7
1529,CMS,D,industry,0.7
1530,CMS,DTE,industry,0.7
1531,CMS,NEE,industry,0.7
1532,CMS,NI,industry,0.7
1533,CMS,PCG,industry,0.7
1534,CMS,PNW,industry,0.7
1535,CMS,SRE,industry,0.7
1536,CMS,XEL,industry,0.7
1537,ED,D,industry,0.7
1538,ED,DTE,industry,0.7
1539,ED,NEE,industry,0.7
1540,ED,NI,industry,0.7
1541,ED,PCG,industry,0.7
1542,ED,PNW,industry,0.7
1543,ED,SRE,industry,0.7
1544,ED,XEL,industry,0.7
1545,D,DTE,industry,0.7
1546,D,NEE,industry,0.7
1547,D,NI,industry,0.7
1548,D,PCG,industry,0.7
1549,D,PNW,industry,0.7
1550,D,SRE,industry,0.7
1551,D,XEL,industry,0.7
1552,DTE,NEE,industry,0.7
1553,DTE,NI,industry,0.7
1554,DTE,PCG,industry,0.7
1555,DTE,PNW,industry,0.7
1556,DTE,SRE,industry,0.7
1557,DTE,XEL,industry,0.7
1558,NEE,NI,industry,0.7
1559,NEE,PCG,industry,0.7
1560,NEE,PNW,industry,0.7
1561,NEE,SRE,industry,0.7
1562,NEE,XEL,industry,0.7
1563,NI,PCG,industry,0.7
1564,NI,PNW,industry,0.7
1565,NI,SRE,industry,0.7
1566,NI,XEL,industry,0.7
1567,PCG,PNW,industry,0.7
1568,PCG,SRE,industry,0.7
1569,PCG,XEL,industry,0.7
1570,PNW,SRE,industry,0.7
1571,PNW,XEL,industry,0.7
1572,SRE,XEL,industry,0.7
1573,AES,AEP,sector,0.3
1574,AES,CEG,sector,0.3
1575,AES,EIX,sector,0.3
1576,LNT,ATO,sector,0.3
1577,LNT,NI,sector,0.3
1578,AEE,DUK,sector,0.3
1579,AEE,ES,sector,0.3
1580,AEE,VST,sector,0.3
1581,AEP,D,sector,0.3
1582,AWK,CNP,sector,0.3
1583,AWK,EVRG,sector,0.3
1584,ATO,DTE,sector,0.3
1585,ATO,XEL,sector,0.3
1586,CNP,EXC,sector,0.3
1587,CMS,EVRG,sector,0.3
1588,CMS,NRG,sector,0.3
1589,CMS,PPL,sector,0.3
1590,ED,EIX,sector,0.3
1591,ED,ES,sector,0.3
1592,ED,PEG,sector,0.3
1593,ED,SO,sector,0.3
1594,CEG,XEL,sector,0.3
1595,D,PPL,sector,0.3
1596,EVRG,NEE,sector,0.3
1597,ES,NRG,sector,0.3
1598,SRE,WEC,sector,0.3
1599,VST,XEL,sector,0.3
1600,AFL,GL,industry,0.7
1601,AFL,MET,industry,0.7
1602,AFL,PFG,industry,0.7
1603,AFL,PRU,industry,0.7
1604,GL,MET,industry,0.7
1605,GL,PFG,industry,0.7
1606,GL,PRU,industry,0.7
1607,MET,PFG,industry,0.7
1608,MET,PRU,industry,0.7
1609,PFG,PRU,industry,0.7
1610,ALL,ACGL,industry,0.7
1611,ALL,CB,industry,0.7
1612,ALL,CINF,industry,0.7
1613,ALL,HIG,industry,0.7
1614,ALL,PGR,industry,0.7
1615,ALL,TRV,industry,0.7
1616,ALL,WRB,industry,0.7
1617,ACGL,CB,industry,0.7
1618,ACGL,CINF,industry,0.7
1619,ACGL,HIG,industry,0.7
1620,ACGL,PGR,industry,0.7
1621,ACGL,TRV,industry,0.7
1622,ACGL,WRB,industry,0.7
1623,CB,CINF,industry,0.7
1624,CB,HIG,industry,0.7
1625,CB,PGR,industry,0.7
1626,CB,TRV,industry,0.7
1627,CB,WRB,industry,0.7
1628,CINF,HIG,industry,0.7
1629,CINF,PGR,industry,0.7
1630,CINF,TRV,industry,0.7
1631,CINF,WRB,industry,0.7
1632,HIG,PGR,industry,0.7
1633,HIG,TRV,industry,0.7
1634,HIG,WRB,industry,0.7
1635,PGR,TRV,industry,0.7
1636,PGR,WRB,industry,0.7
1637,TRV,WRB,industry,0.7
1638,AXP,COF,industry,0.7
1639,AXP,DFS,industry,0.7
1640,AXP,SYF,industry,0.7
1641,COF,DFS,industry,0.7
1642,COF,SYF,industry,0.7
1643,DFS,SYF,industry,0.7
1644,AIG,AIZ,industry,0.7
1645,AIG,L,industry,0.7
1646,AIZ,L,industry,0.7
1647,AMP,APO,industry,0.7
1648,AMP,BLK,industry,0.7
1649,AMP,BX,industry,0.7
1650,AMP,BK,industry,0.7
1651,AMP,BEN,industry,0.7
1652,AMP,IVZ,industry,0.7
1653,AMP,KKR,industry,0.7
1654,AMP,NTRS,industry,0.7
1655,AMP,STT,industry,0.7
1656,AMP,TROW,industry,0.7
1657,APO,BLK,industry,0.7
1658,APO,BX,industry,0.7
1659,APO,BK,industry,0.7
1660,APO,BEN,industry,0.7
1661,APO,IVZ,industry,0.7
1662,APO,KKR,industry,0.7
1663,APO,NTRS,industry,0.7
1664,APO,STT,industry,0.7
1665,APO,TROW,industry,0.7
1666,BLK,BX,industry,0.7
1667,BLK,BK,industry,0.7
1668,BLK,BEN,industry,0.7
1669,BLK,IVZ,industry,0.7
1670,BLK,KKR,industry,0.7
1671,BLK,NTRS,industry,0.7
1672,BLK,STT,industry,0.7
1673,BLK,TROW,industry,0.7
1674,BX,BK,industry,0.7
1675,BX,BEN,industry,0.7
1676,BX,IVZ,industry,0.7
1677,BX,KKR,industry,0.7
1678,BX,NTRS,industry,0.7
1679,BX,STT,industry,0.7
1680,BX,TROW,industry,0.7
1681,BK,BEN,industry,0.7
1682,BK,IVZ,industry,0.7
1683,BK,KKR,industry,0.7
1684,BK,NTRS,industry,0.7
1685,BK,STT,industry,0.7
1686,BK,TROW,industry,0.7
1687,BEN,IVZ,industry,0.7
1688,BEN,KKR,industry,0.7
1689,BEN,NTRS,industry,0.7
1690,BEN,STT,industry,0.7
1691,BEN,TROW,industry,0.7
1692,IVZ,KKR,industry,0.7
1693,IVZ,NTRS,industry,0.7
1694,IVZ,STT,industry,0.7
1695,IVZ,TROW,industry,0.7
1696,KKR,NTRS,industry,0.7
1697,KKR,STT,industry,0.7
1698,KKR,TROW,industry,0.7
1699,NTRS,STT,industry,0.7
1700,NTRS,TROW,industry,0.7
1701,STT,TROW,industry,0.7
1702,AON,AJG,industry,0.7
1703,AON,BRO,industry,0.7
1704,AON,ERIE,industry,0.7
1705,AON,MMC,industry,0.7
1706,AON,WTW,industry,0.7
1707,AJG,BRO,industry,0.7
1708,AJG,ERIE,industry,0.7
1709,AJG,MMC,industry,0.7
1710,AJG,WTW,industry,0.7
1711,BRO,ERIE,industry,0.7
1712,BRO,MMC,industry,0.7
1713,BRO,WTW,industry,0.7
1714,ERIE,MMC,industry,0.7
1715,ERIE,WTW,industry,0.7
1716,MMC,WTW,industry,0.7
1717,BAC,C,industry,0.7
1718,BAC,JPM,industry,0.7
1719,BAC,PNC,industry,0.7
1720,BAC,TFC,industry,0.7
1721,BAC,USB,industry,0.7
1722,BAC,WFC,industry,0.7
1723,C,JPM,industry,0.7
1724,C,PNC,industry,0.7
1725,C,TFC,industry,0.7
1726,C,USB,industry,0.7
1727,C,WFC,industry,0.7
1728,JPM,PNC,industry,0.7
1729,JPM,TFC,industry,0.7
1730,JPM,USB,industry,0.7
1731,JPM,WFC,industry,0.7
1732,PNC,TFC,industry,0.7
1733,PNC,USB,industry,0.7
1734,PNC,WFC,industry,0.7
1735,TFC,USB,industry,0.7
1736,TFC,WFC,industry,0.7
1737,USB,WFC,industry,0.7
1738,CBOE,CME,industry,0.7
1739,CBOE,FDS,industry,0.7
1740,CBOE,ICE,industry,0.7
1741,CBOE,MKTX,industry,0.7
1742,CBOE,MCO,industry,0.7
1743,CBOE,MSCI,industry,0.7
1744,CBOE,NDAQ,industry,0.7
1745,CBOE,SPGI,industry,0.7
1746,CME,FDS,industry,0.7
1747,CME,ICE,industry,0.7
1748,CME,MKTX,industry,0.7
1749,CME,MCO,industry,0.7
1750,CME,MSCI,industry,0.7
1751,CME,NDAQ,industry,0.7
1752,CME,SPGI,industry,0.7
1753,FDS,ICE,industry,0.7
1754,FDS,MKTX,industry,0.7
1755,FDS,MCO,industry,0.7
1756,FDS,MSCI,industry,0.7
1757,FDS,NDAQ,industry,0.7
1758,FDS,SPGI,industry,0.7
1759,ICE,MKTX,industry,0.7
1760,ICE,MCO,industry,0.7
1761,ICE,MSCI,industry,0.7
1762,ICE,NDAQ,industry,0.7
1763,ICE,SPGI,industry,0.7
1764,MKTX,MCO,industry,0.7
1765,MKTX,MSCI,industry,0.7
1766,MKTX,NDAQ,industry,0.7
1767,MKTX,SPGI,industry,0.7
1768,MCO,MSCI,industry,0.7
1769,MCO,NDAQ,industry,0.7
1770,MCO,SPGI,industry,0.7
1771,MSCI,NDAQ,industry,0.7
1772,MSCI,SPGI,industry,0.7
1773,NDAQ,SPGI,industry,0.7
1774,SCHW,GS,industry,0.7
1775,SCHW,MS,industry,0.7
1776,SCHW,RJF,industry,0.7
1777,GS,MS,industry,0.7
1778,GS,RJF,industry,0.7
1779,MS,RJF,industry,0.7
1780,CFG,FITB,industry,0.7
1781,CFG,HBAN,industry,0.7
1782,CFG,KEY,industry,0.7
1783,CFG,MTB,industry,0.7
1784,CFG,RF,industry,0.7
1785,FITB,HBAN,industry,0.7
1786,FITB,KEY,industry,0.7
1787,FITB,MTB,industry,0.7
1788,FITB,RF,industry,0.7
1789,HBAN,KEY,industry,0.7
1790,HBAN,MTB,industry,0.7
1791,HBAN,RF,industry,0.7
1792,KEY,MTB,industry,0.7
1793,KEY,RF,industry,0.7
1794,MTB,RF,industry,0.7
1795,CPAY,FIS,industry,0.7
1796,CPAY,FI,industry,0.7
1797,CPAY,GPN,industry,0.7
1798,CPAY,JKHY,industry,0.7
1799,CPAY,MA,industry,0.7
1800,CPAY,PYPL,industry,0.7
1801,CPAY,V,industry,0.7
1802,FIS,FI,industry,0.7
1803,FIS,GPN,industry,0.7
1804,FIS,JKHY,industry,0.7
1805,FIS,MA,industry,0.7
1806,FIS,PYPL,industry,0.7
1807,FIS,V,industry,0.7
1808,FI,GPN,industry,0.7
1809,FI,JKHY,industry,0.7
1810,FI,MA,industry,0.7
1811,FI,PYPL,industry,0.7
1812,FI,V,industry,0.7
1813,GPN,JKHY,industry,0.7
1814,GPN,MA,industry,0.7
1815,GPN,PYPL,industry,0.7
1816,GPN,V,industry,0.7
1817,JKHY,MA,industry,0.7
1818,JKHY,PYPL,industry,0.7
1819,JKHY,V,industry,0.7
1820,MA,PYPL,industry,0.7
1821,MA,V,industry,0.7
1822,PYPL,V,industry,0.7
1823,AFL,BLK,sector,0.3
1824,AFL,CME,sector,0.3
1825,AFL,CPAY,sector,0.3
1826,AFL,FITB,sector,0.3
1827,AFL,BEN,sector,0.3
1828,AFL,JPM,sector,0.3
1829,AFL,MTB,sector,0.3
1830,AFL,MCO,sector,0.3
1831,AFL,SPGI,sector,0.3
1832,ALL,AMP,sector,0.3
1833,ALL,BAC,sector,0.3
1834,ALL,BRO,sector,0.3
1835,ALL,CBOE,sector,0.3
1836,ALL,EG,sector,0.3
1837,ALL,JKHY,sector,0.3
1838,ALL,PYPL,sector,0.3
1839,AXP,AIZ,sector,0.3
1840,AXP,BLK,sector,0.3
1841,AXP,CBOE,sector,0.3
1842,AXP,CPAY,sector,0.3
1843,AXP,FITB,sector,0.3
1844,AXP,GL,sector,0.3
1845,AXP,IVZ,sector,0.3
1846,AXP,PFG,sector,0.3
1847,AIG,AON,sector,0.3
1848,AIG,BX,sector,0.3
1849,AIG,KKR,sector,0.3
1850,AIG,MCO,sector,0.3
1851,AIG,USB,sector,0.3
1852,AIG,V,sector,0.3
1853,AMP,C,sector,0.3
1854,AMP,FDS,sector,0.3
1855,AMP,JPM,sector,0.3
1856,AMP,NDAQ,sector,0.3
1857,AMP,PGR,sector,0.3
1858,AON,CBOE,sector,0.3
1859,AON,CB,sector,0.3
1860,AON,CPAY,sector,0.3
1861,AON,GPN,sector,0.3
1862,AON,JKHY,sector,0.3
1863,AON,MET,sector,0.3
1864,APO,DFS,sector,0.3
1865,APO,FDS,sector,0.3
1866,APO,FIS,sector,0.3
1867,APO,KEY,sector,0.3
1868,APO,MTB,sector,0.3
1869,APO,NDAQ,sector,0.3
1870,ACGL,AIZ,sector,0.3
1871,ACGL,BAC,sector,0.3
1872,ACGL,BRO,sector,0.3
1873,ACGL,CME,sector,0.3
1874,ACGL,ICE,sector,0.3
1875,ACGL,IVZ,sector,0.3
1876,ACGL,L,sector,0.3
1877,ACGL,MA,sector,0.3
1878,ACGL,PNC,sector,0.3
1879,ACGL,RF,sector,0.3
1880,ACGL,USB,sector,0.3
1881,ACGL,WFC,sector,0.3
1882,AJG,BLK,sector,0.3
1883,AJG,HIG,sector,0.3
1884,AJG,MS,sector,0.3
1885,AJG,PFG,sector,0.3
1886,AJG,PRU,sector,0.3
1887,AJG,SYF,sector,0.3
1888,AJG,WFC,sector,0.3
1889,AIZ,BK,sector,0.3
1890,AIZ,CME,sector,0.3
1891,AIZ,DFS,sector,0.3
1892,AIZ,KKR,sector,0.3
1893,AIZ,PFG,sector,0.3
1894,AIZ,SYF,sector,0.3
1895,BAC,BX,sector,0.3
1896,BAC,BRO,sector,0.3
1897,BAC,CME,sector,0.3
1898,BAC,DFS,sector,0.3
1899,BAC,GPN,sector,0.3
1900,BAC,GL,sector,0.3
1901,BAC,RJF,sector,0.3
1902,BAC,WTW,sector,0.3
1903,BRK.B,BLK,sector,0.3
1904,BRK.B,C,sector,0.3
1905,BRK.B,MET,sector,0.3
1906,BRK.B,MS,sector,0.3
1907,BRK.B,PFG,sector,0.3
1908,BRK.B,STT,sector,0.3
1909,BRK.B,TROW,sector,0.3
1910,BLK,MTB,sector,0.3
1911,BLK,MSCI,sector,0.3
1912,BX,CME,sector,0.3
1913,BX,FITB,sector,0.3
1914,BX,HIG,sector,0.3
1915,BX,PFG,sector,0.3
1916,BK,CPAY,sector,0.3
1917,BK,GPN,sector,0.3
1918,BK,JPM,sector,0.3
1919,BK,TFC,sector,0.3
1920,BRO,CINF,sector,0.3
1921,BRO,FI,sector,0.3
1922,BRO,NDAQ,sector,0.3
1923,BRO,TROW,sector,0.3
1924,BRO,TRV,sector,0.3
1925,BRO,TFC,sector,0.3
1926,BRO,V,sector,0.3
1927,COF,BEN,sector,0.3
1928,COF,JKHY,sector,0.3
1929,COF,MTB,sector,0.3
1930,COF,PYPL,sector,0.3
1931,COF,USB,sector,0.3
1932,CBOE,C,sector,0.3
1933,CBOE,GPN,sector,0.3
1934,CBOE,KEY,sector,0.3
1935,CBOE,MTB,sector,0.3
1936,CBOE,MA,sector,0.3
1937,CBOE,PGR,sector,0.3
1938,CBOE,TRV,sector,0.3
1939,SCHW,CINF,sector,0.3
1940,SCHW,C,sector,0.3
1941,SCHW,DFS,sector,0.3
1942,SCHW,FI,sector,0.3
1943,SCHW,ICE,sector,0.3
1944,SCHW,MKTX,sector,0.3
1945,SCHW,PRU,sector,0.3
1946,CB,FI,sector,0.3
1947,CB,GS,sector,0.3
1948,CB,KKR,sector,0.3
1949,CINF,DFS,sector,0.3
1950,CINF,EG,sector,0.3
1951,CINF,KKR,sector,0.3
1952,CINF,MSCI,sector,0.3
1953,CINF,RF,sector,0.3
1954,CINF,WTW,sector,0.3
1955,C,ERIE,sector,0.3
1956,C,RJF,sector,0.3
1957,C,V,sector,0.3
1958,CFG,CPAY,sector,0.3
1959,CFG,FI,sector,0.3
1960,CFG,NTRS,sector,0.3
1961,CME,DFS,sector,0.3
1962,CME,BEN,sector,0.3
1963,CME,PYPL,sector,0.3
1964,CME,PFG,sector,0.3
1965,CME,STT,sector,0.3
1966,CPAY,HBAN,sector,0.3
1967,CPAY,KEY,sector,0.3
1968,CPAY,PNC,sector,0.3
1969,DFS,HIG,sector,0.3
1970,DFS,HBAN,sector,0.3
1971,DFS,KKR,sector,0.3
1972,DFS,MS,sector,0.3
1973,DFS,TFC,sector,0.3
1974,ERIE,HIG,sector,0.3
1975,ERIE,MET,sector,0.3
1976,ERIE,PYPL,sector,0.3
1977,ERIE,SPGI,sector,0.3
1978,ERIE,USB,sector,0.3
1979,EG,IVZ,sector,0.3
1980,EG,USB,sector,0.3
1981,EG,V,sector,0.3
1982,FDS,FITB,sector,0.3
1983,FDS,MET,sector,0.3
1984,FIS,JPM,sector,0.3
1985,FIS,L,sector,0.3
1986,FIS,STT,sector,0.3
1987,FITB,GL,sector,0.3
1988,FITB,ICE,sector,0.3
1989,FITB,MSCI,sector,0.3
1990,FITB,PNC,sector,0.3
1991,FITB,SPGI,sector,0.3
1992,FITB,TFC,sector,0.3
1993,FITB,WRB,sector,0.3
1994,FI,GS,sector,0.3
1995,FI,KKR,sector,0.3
1996,FI,NDAQ,sector,0.3
1997,FI,PFG,sector,0.3
1998,FI,STT,sector,0.3
1999,FI,WFC,sector,0.3
2000,BEN,HIG,sector,0.3
2001,BEN,JPM,sector,0.3
2002,BEN,PRU,sector,0.3
2003,BEN,USB,sector,0.3
2004,GPN,MTB,sector,0.3
2005,GPN,STT,sector,0.3
2006,GL,HBAN,sector,0.3
2007,GL,KKR,sector,0.3
2008,GL,MMC,sector,0.3
2009,GL,RF,sector,0.3
2010,GS,NDAQ,sector,0.3
2011,GS,NTRS,sector,0.3
2012,GS,PNC,sector,0.3
2013,GS,PRU,sector,0.3
2014,HIG,MS,sector,0.3
2015,HIG,PRU,sector,0.3
2016,HBAN,KKR,sector,0.3
2017,HBAN,USB,sector,0.3
2018,ICE,JKHY,sector,0.3
2019,JKHY,RF,sector,0.3
2020,JKHY,SPGI,sector,0.3
2021,JKHY,USB,sector,0.3
2022,JPM,MKTX,sector,0.3
2023,JPM,MCO,sector,0.3
2024,JPM,NTRS,sector,0.3
2025,JPM,TROW,sector,0.3
2026,KEY,MKTX,sector,0.3
2027,KEY,MA,sector,0.3
2028,KEY,NTRS,sector,0.3
2029,KEY,WFC,sector,0.3
2030,KKR,PFG,sector,0.3
2031,L,MKTX,sector,0.3
2032,L,PRU,sector,0.3
2033,L,RJF,sector,0.3
2034,L,SYF,sector,0.3
2035,MTB,NDAQ,sector,0.3
2036,MTB,WRB,sector,0.3
2037,MMC,MSCI,sector,0.3
2038,MMC,SPGI,sector,0.3
2039,MA,PGR,sector,0.3
2040,MA,RJF,sector,0.3
2041,MA,TRV,sector,0.3
2042,MET,RF,sector,0.3
2043,MET,SPGI,sector,0.3
2044,MET,TROW,sector,0.3
2045,MCO,RF,sector,0.3
2046,MS,TROW,sector,0.3
2047,MS,WTW,sector,0.3
2048,MSCI,WRB,sector,0.3
2049,NTRS,PRU,sector,0.3
2050,NTRS,RF,sector,0.3
2051,NTRS,TRV,sector,0.3
2052,PYPL,SYF,sector,0.3
2053,PYPL,WFC,sector,0.3
2054,PNC,V,sector,0.3
2055,PFG,PGR,sector,0.3
2056,PFG,SPGI,sector,0.3
2057,PFG,WRB,sector,0.3
2058,PGR,TROW,sector,0.3
2059,PRU,USB,sector,0.3
2060,RJF,TFC,sector,0.3
2061,RJF,USB,sector,0.3
2062,RF,SPGI,sector,0.3
2063,STT,TRV,sector,0.3
2064,STT,V,sector,0.3
2065,TROW,WTW,sector,0.3
2066,TFC,WRB,sector,0.3
2067,WRB,WTW,sector,0.3
2068,APD,LIN,industry,0.7
2069,ALB,CE,industry,0.7
2070,ALB,DD,industry,0.7
2071,ALB,EMN,industry,0.7
2072,ALB,ECL,industry,0.7
2073,ALB,IFF,industry,0.7
2074,ALB,LYB,industry,0.7
2075,ALB,PPG,industry,0.7
2076,ALB,SHW,industry,0.7
2077,CE,DD,industry,0.7
2078,CE,EMN,industry,0.7
2079,CE,ECL,industry,0.7
2080,CE,IFF,industry,0.7
2081,CE,LYB,industry,0.7
2082,CE,PPG,industry,0.7
2083,CE,SHW,industry,0.7
2084,DD,EMN,industry,0.7
2085,DD,ECL,industry,0.7
2086,DD,IFF,industry,0.7
2087,DD,LYB,industry,0.7
2088,DD,PPG,industry,0.7
2089,DD,SHW,industry,0.7
2090,EMN,ECL,industry,0.7
2091,EMN,IFF,industry,0.7
2092,EMN,LYB,industry,0.7
2093,EMN,PPG,industry,0.7
2094,EMN,SHW,industry,0.7
2095,ECL,IFF,industry,0.7
2096,ECL,LYB,industry,0.7
2097,ECL,PPG,industry,0.7
2098,ECL,SHW,industry,0.7
2099,IFF,LYB,industry,0.7
2100,IFF,PPG,industry,0.7
2101,IFF,SHW,industry,0.7
2102,LYB,PPG,industry,0.7
2103,LYB,SHW,industry,0.7
2104,PPG,SHW,industry,0.7
2105,AMCR,AVY,industry,0.7
2106,AMCR,IP,industry,0.7
2107,AMCR,PKG,industry,0.7
2108,AMCR,SW,industry,0.7
2109,AVY,IP,industry,0.7
2110,AVY,PKG,industry,0.7
2111,AVY,SW,industry,0.7
2112,IP,PKG,industry,0.7
2113,IP,SW,industry,0.7
2114,PKG,SW,industry,0.7
2115,CF,CTVA,industry,0.7
2116,CF,FMC,industry,0.7
2117,CF,MOS,industry,0.7
2118,CTVA,FMC,industry,0.7
2119,CTVA,MOS,industry,0.7
2120,FMC,MOS,industry,0.7
2121,MLM,VMC,industry,0.7
2122,NUE,STLD,industry,0.7
2123,APD,ALB,sector,0.3
2124,APD,STLD,sector,0.3
2125,ALB,AVY,sector,0.3
2126,ALB,NEM,sector,0.3
2127,ALB,STLD,sector,0.3
2128,AVY,CF,sector,0.3
2129,BALL,LYB,sector,0.3
2130,BALL,NEM,sector,0.3
2131,BALL,NUE,sector,0.3
2132,CE,CF,sector,0.3
2133,CTVA,IFF,sector,0.3
2134,CTVA,LYB,sector,0.3
2135,CTVA,NUE,sector,0.3
2136,EMN,MOS,sector,0.3
2137,ECL,STLD,sector,0.3
2138,FMC,IP,sector,0.3
2139,FMC,SW,sector,0.3
2140,FCX,NUE,sector,0.3
2141,FCX,PKG,sector,0.3
2142,IFF,MLM,sector,0.3
2143,IFF,VMC,sector,0.3
2144,IP,SHW,sector,0.3
2145,IP,STLD,sector,0.3
2146,LIN,PKG,sector,0.3
2147,LIN,SHW,sector,0.3
2148,LIN,VMC,sector,0.3
2149,LYB,SW,sector,0.3
2150,MLM,PPG,sector,0.3
2151,MOS,SHW,sector,0.3
2152,NEM,SW,sector,0.3
2153,NEM,STLD,sector,0.3
2154,ABNB,BKNG,industry,0.7
2155,ABNB,CCL,industry,0.7
2156,ABNB,EXPE,industry,0.7
2157,ABNB,HLT,industry,0.7
2158,ABNB,MAR,industry,0.7
2159,ABNB,NCLH,industry,0.7
2160,ABNB,RCL,industry,0.7
2161,BKNG,CCL,industry,0.7
2162,BKNG,EXPE,industry,0.7
2163,BKNG,HLT,industry,0.7
2164,BKNG,MAR,industry,0.7
2165,BKNG,NCLH,industry,0.7
2166,BKNG,RCL,industry,0.7
2167,CCL,EXPE,industry,0.7
2168,CCL,HLT,industry,0.7
2169,CCL,MAR,industry,0.7
2170,CCL,NCLH,industry,0.7
2171,CCL,RCL,industry,0.7
2172,EXPE,HLT,industry,0.7
2173,EXPE,MAR,industry,0.7
2174,EXPE,NCLH,industry,0.7
2175,EXPE,RCL,industry,0.7
2176,HLT,MAR,industry,0.7
2177,HLT,NCLH,industry,0.7
2178,HLT,RCL,industry,0.7
2179,MAR,NCLH,industry,0.7
2180,MAR,RCL,industry,0.7
2181,NCLH,RCL,industry,0.7
2182,AMZN,EBAY,industry,0.7
2183,APTV,BWA,industry,0.7
2184,AZO,KMX,industry,0.7
2185,AZO,ORLY,industry,0.7
2186,KMX,ORLY,industry,0.7
2187,CZR,LVS,industry,0.7
2188,CZR,MGM,industry,0.7
2189,CZR,WYNN,industry,0.7
2190,LVS,MGM,industry,0.7
2191,LVS,WYNN,industry,0.7
2192,MGM,WYNN,industry,0.7
2193,CMG,DRI,industry,0.7
2194,CMG,DPZ,industry,0.7
2195,CMG,MCD,industry,0.7
2196,CMG,SBUX,industry,0.7
2197,CMG,YUM,industry,0.7
2198,DRI,DPZ,industry,0.7
2199,DRI,MCD,industry,0.7
2200,DRI,SBUX,industry,0.7
2201,DRI,YUM,industry,0.7
2202,DPZ,MCD,industry,0.7
2203,DPZ,SBUX,industry,0.7
2204,DPZ,YUM,industry,0.7
2205,MCD,SBUX,industry,0.7
2206,MCD,YUM,industry,0.7
2207,SBUX,YUM,industry,0.7
2208,DHI,LEN,industry,0.7
2209,DHI,NVR,industry,0.7
2210,DHI,PHM,industry,0.7
2211,LEN,NVR,industry,0.7
2212,LEN,PHM,industry,0.7
2213,NVR,PHM,industry,0.7
2214,F,GM,industry,0.7
2215,F,TSLA,industry,0.7
2216,GM,TSLA,industry,0.7
2217,GPC,LKQ,industry,0.7
2218,GPC,POOL,industry,0.7
2219,LKQ,POOL,industry,0.7
2220,HD,LOW,industry,0.7
2221,LULU,NKE,industry,0.7
2222,LULU,RL,industry,0.7
2223,LULU,TPR,industry,0.7
2224,NKE,RL,industry,0.7
2225,NKE,TPR,industry,0.7
2226,RL,TPR,industry,0.7
2227,ROST,TJX,industry,0.7
2228,TSCO,ULTA,industry,0.7
2229,ABNB,DRI,sector,0.3
2230,ABNB,DHI,sector,0.3
2231,ABNB,MHK,sector,0.3
2232,AMZN,BBY,sector,0.3
2233,AMZN,DPZ,sector,0.3
2234,AMZN,DHI,sector,0.3
2235,AMZN,GPC,sector,0.3
2236,AMZN,HLT,sector,0.3
2237,AMZN,MAR,sector,0.3
2238,AMZN,PHM,sector,0.3
2239,AMZN,TSCO,sector,0.3
2240,APTV,DHI,sector,0.3
2241,APTV,MGM,sector,0.3
2242,APTV,POOL,sector,0.3
2243,AZO,GM,sector,0.3
2244,AZO,HLT,sector,0.3
2245,AZO,LKQ,sector,0.3
2246,AZO,LULU,sector,0.3
2247,AZO,MHK,sector,0.3
2248,AZO,TPR,sector,0.3
2249,AZO,TSLA,sector,0.3
2250,AZO,YUM,sector,0.3
2251,BBY,F,sector,0.3
2252,BBY,RL,sector,0.3
2253,BKNG,DPZ,sector,0.3
2254,BKNG,MHK,sector,0.3
2255,BKNG,TJX,sector,0.3
2256,BWA,CZR,sector,0.3
2257,BWA,MHK,sector,0.3
2258,BWA,NVR,sector,0.3
2259,BWA,PHM,sector,0.3
2260,BWA,SBUX,sector,0.3
2261,BWA,WYNN,sector,0.3
2262,CZR,DHI,sector,0.3
2263,CZR,MAR,sector,0.3
2264,CZR,NCLH,sector,0.3
2265,CZR,RCL,sector,0.3
2266,KMX,EXPE,sector,0.3
2267,KMX,LKQ,sector,0.3
2268,KMX,NVR,sector,0.3
2269,CCL,GPC,sector,0.3
2270,CCL,MGM,sector,0.3
2271,CMG,LKQ,sector,0.3
2272,DRI,EBAY,sector,0.3
2273,DRI,MAR,sector,0.3
2274,DECK,HLT,sector,0.3
2275,DECK,RCL,sector,0.3
2276,DECK,WYNN,sector,0.3
2277,DPZ,DHI,sector,0.3
2278,DPZ,GM,sector,0.3
2279,DPZ,LOW,sector,0.3
2280,DPZ,LULU,sector,0.3
2281,DPZ,MAR,sector,0.3
2282,DHI,HD,sector,0.3
2283,DHI,LKQ,sector,0.3
2284,DHI,MCD,sector,0.3
2285,DHI,NCLH,sector,0.3
2286,EBAY,LOW,sector,0.3
2287,EBAY,MAR,sector,0.3
2288,EXPE,GRMN,sector,0.3
2289,EXPE,MHK,sector,0.3
2290,GRMN,GPC,sector,0.3
2291,GRMN,ORLY,sector,0.3
2292,GRMN,RCL,sector,0.3
2293,GRMN,TSLA,sector,0.3
2294,GRMN,YUM,sector,0.3
2295,GM,MHK,sector,0.3
2296,GM,ORLY,sector,0.3
2297,GPC,HAS,sector,0.3
2298,GPC,NKE,sector,0.3
2299,GPC,ORLY,sector,0.3
2300,HAS,ROST,sector,0.3
2301,HLT,LVS,sector,0.3
2302,HLT,SBUX,sector,0.3
2303,HD,LKQ,sector,0.3
2304,HD,MAR,sector,0.3
2305,HD,RCL,sector,0.3
2306,HD,TSLA,sector,0.3
2307,HD,ULTA,sector,0.3
2308,LVS,RL,sector,0.3
2309,LVS,TSLA,sector,0.3
2310,LEN,TSCO,sector,0.3
2311,LKQ,RL,sector,0.3
2312,LKQ,RCL,sector,0.3
2313,LKQ,TJX,sector,0.3
2314,LOW,NCLH,sector,0.3
2315,LOW,RL,sector,0.3
2316,LOW,SBUX,sector,0.3
2317,LOW,TSLA,sector,0.3
2318,LOW,YUM,sector,0.3
2319,LULU,TJX,sector,0.3
2320,MAR,MCD,sector,0.3
2321,MAR,RL,sector,0.3
2322,MCD,ORLY,sector,0.3
2323,MCD,POOL,sector,0.3
2324,MCD,TJX,sector,0.3
2325,MGM,NVR,sector,0.3
2326,NKE,ORLY,sector,0.3
2327,NKE,POOL,sector,0.3
2328,NCLH,SBUX,sector,0.3
2329,NVR,TSCO,sector,0.3
2330,ORLY,RCL,sector,0.3
2331,ORLY,TPR,sector,0.3
2332,POOL,TSCO,sector,0.3
2333,PHM,RL,sector,0.3
2334,RL,ROST,sector,0.3
2335,RL,TSLA,sector,0.3
2336,RL,TJX,sector,0.3
2337,RL,TSCO,sector,0.3
2338,ROST,TSLA,sector,0.3
2339,TPR,TSLA,sector,0.3
2340,ARE,BXP,industry,0.7
2341,AMT,CCI,industry,0.7
2342,AMT,SBAC,industry,0.7
2343,CCI,SBAC,industry,0.7
2344,AVB,CPT,industry,0.7
2345,AVB,EQR,industry,0.7
2346,AVB,ESS,industry,0.7
2347,AVB,MAA,industry,0.7
2348,AVB,UDR,industry,0.7
2349,CPT,EQR,industry,0.7
2350,CPT,ESS,industry,0.7
2351,CPT,MAA,industry,0.7
2352,CPT,UDR,industry,0.7
2353,EQR,ESS,industry,0.7
2354,EQR,MAA,industry,0.7
2355,EQR,UDR,industry,0.7
2356,ESS,MAA,industry,0.7
2357,ESS,UDR,industry,0.7
2358,MAA,UDR,industry,0.7
2359,CBRE,CSGP,industry,0.7
2360,DLR,EQIX,industry,0.7
2361,EXR,PSA,industry,0.7
2362,FRT,KIM,industry,0.7
2363,FRT,O,industry,0.7
2364,FRT,REG,industry,0.7
2365,FRT,SPG,industry,0.7
2366,KIM,O,industry,0.7
2367,KIM,REG,industry,0.7
2368,KIM,SPG,industry,0.7
2369,O,REG,industry,0.7
2370,O,SPG,industry,0.7
2371,REG,SPG,industry,0.7
2372,DOC,VTR,industry,0.7
2373,DOC,WELL,industry,0.7
2374,VTR,WELL,industry,0.7
2375,HST,VICI,industry,0.7
2376,ARE,AMT,sector,0.3
2377,ARE,DOC,sector,0.3
2378,AMT,CBRE,sector,0.3
2379,AMT,EXR,sector,0.3
2380,AMT,WELL,sector,0.3
2381,AVB,CBRE,sector,0.3
2382,AVB,IRM,sector,0.3
2383,AVB,SPG,sector,0.3
2384,BXP,PSA,sector,0.3
2385,BXP,UDR,sector,0.3
2386,CPT,CCI,sector,0.3
2387,CBRE,REG,sector,0.3
2388,CSGP,DOC,sector,0.3
2389,CSGP,UDR,sector,0.3
2390,CCI,DOC,sector,0.3
2391,CCI,HST,sector,0.3
2392,CCI,SPG,sector,0.3
2393,CCI,UDR,sector,0.3
2394,CCI,WY,sector,0.3
2395,DLR,REG,sector,0.3
2396,DLR,WELL,sector,0.3
2397,EQIX,WY,sector,0.3
2398,EXR,FRT,sector,0.3
2399,EXR,IRM,sector,0.3
2400,FRT,VTR,sector,0.3
2401,FRT,VICI,sector,0.3
2402,DOC,VICI,sector,0.3
2403,INVH,PSA,sector,0.3
2404,INVH,SPG,sector,0.3
2405,IRM,PSA,sector,0.3
2406,IRM,SPG,sector,0.3
2407,IRM,WY,sector,0.3
2408,PLD,VTR,sector,0.3
2409,O,UDR,sector,0.3
2410,SBAC,SPG,sector,0.3
2411,SBAC,VTR,sector,0.3
2412,SPG,WY,sector,0.3
2413,GOOGL,GOOG,industry,0.7
2414,GOOGL,MTCH,industry,0.7
2415,GOOGL,META,industry,0.7
2416,GOOG,MTCH,industry,0.7
2417,GOOG,META,industry,0.7
2418,MTCH,META,industry,0.7
2419,T,VZ,industry,0.7
2420,CHTR,CMCSA,industry,0.7
2421,EA,TTWO,industry,0.7
2422,FOXA,FOX,industry,0.7
2423,FOXA,WBD,industry,0.7
2424,FOX,WBD,industry,0.7
2425,IPG,OMC,industry,0.7
2426,LYV,NFLX,industry,0.7
2427,LYV,PARA,industry,0.7
2428,LYV,DIS,industry,0.7
2429,NFLX,PARA,industry,0.7
2430,NFLX,DIS,industry,0.7
2431,PARA,DIS,industry,0.7
2432,NWSA,NWS,industry,0.7
2433,GOOG,LYV,sector,0.3
2434,GOOG,TMUS,sector,0.3
2435,T,NWSA,sector,0.3
2436,CHTR,TTWO,sector,0.3
2437,CMCSA,FOX,sector,0.3
2438,CMCSA,MTCH,sector,0.3
2439,CMCSA,OMC,sector,0.3
2440,CMCSA,PARA,sector,0.3
2441,CMCSA,TTWO,sector,0.3
2442,FOXA,NFLX,sector,0.3
2443,FOXA,PARA,sector,0.3
2444,FOX,DIS,sector,0.3
2445,IPG,NWSA,sector,0.3
2446,LYV,OMC,sector,0.3
2447,MTCH,DIS,sector,0.3
2448,NFLX,VZ,sector,0.3
2449,TTWO,VZ,sector,0.3
2450,TTWO,DIS,sector,0.3
2451,MO,PM,industry,0.7
2452,ADM,BG,industry,0.7
2453,BF.B,STZ,industry,0.7
2454,CPB,CAG,industry,0.7
2455,CPB,GIS,industry,0.7
2456,CPB,HSY,industry,0.7
2457,CPB,HRL,industry,0.7
2458,CPB,K,industry,0.7
2459,CPB,KHC,industry,0.7
2460,CPB,LW,industry,0.7
2461,CPB,MKC,industry,0.7
2462,CPB,MDLZ,industry,0.7
2463,CPB,SJM,industry,0.7
2464,CPB,TSN,industry,0.7
2465,CAG,GIS,industry,0.7
2466,CAG,HSY,industry,0.7
2467,CAG,HRL,industry,0.7
2468,CAG,K,industry,0.7
2469,CAG,KHC,industry,0.7
2470,CAG,LW,industry,0.7
2471,CAG,MKC,industry,0.7
2472,CAG,MDLZ,industry,0.7
2473,CAG,SJM,industry,0.7
2474,CAG,TSN,industry,0.7
2475,GIS,HSY,industry,0.7
2476,GIS,HRL,industry,0.7
2477,GIS,K,industry,0.7
2478,GIS,KHC,industry,0.7
2479,GIS,LW,industry,0.7
2480,GIS,MKC,industry,0.7
2481,GIS,MDLZ,industry,0.7
2482,GIS,SJM,industry,0.7
2483,GIS,TSN,industry,0.7
2484,HSY,HRL,industry,0.7
2485,HSY,K,industry,0.7
2486,HSY,KHC,industry,0.7
2487,HSY,LW,industry,0.7
2488,HSY,MKC,industry,0.7
2489,HSY,MDLZ,industry,0.7
2490,HSY,SJM,industry,0.7
2491,HSY,TSN,industry,0.7
2492,HRL,K,industry,0.7
2493,HRL,KHC,industry,0.7
2494,HRL,LW,industry,0.7
2495,HRL,MKC,industry,0.7
2496,HRL,MDLZ,industry,0.7
2497,HRL,SJM,industry,0.7
2498,HRL,TSN,industry,0.7
2499,K,KHC,industry,0.7
2500,K,LW,industry,0.7
2501,K,MKC,industry,0.7
2502,K,MDLZ,industry,0.7
2503,K,SJM,industry,0.7
2504,K,TSN,industry,0.7
2505,KHC,LW,industry,0.7
2506,KHC,MKC,industry,0.7
2507,KHC,MDLZ,industry,0.7
2508,KHC,SJM,industry,0.7
2509,KHC,TSN,industry,0.7
2510,LW,MKC,industry,0.7
2511,LW,MDLZ,industry,0.7
2512,LW,SJM,industry,0.7
2513,LW,TSN,industry,0.7
2514,MKC,MDLZ,industry,0.7
2515,MKC,SJM,industry,0.7
2516,MKC,TSN,industry,0.7
2517,MDLZ,SJM,industry,0.7
2518,MDLZ,TSN,industry,0.7
2519,SJM,TSN,industry,0.7
2520,CHD,CLX,industry,0.7
2521,CHD,CL,industry,0.7
2522,CHD,KMB,industry,0.7
2523,CLX,CL,industry,0.7
2524,CLX,KMB,industry,0.7
2525,CL,KMB,industry,0.7
2526,KO,KDP,industry,0.7
2527,KO,MNST,industry,0.7
2528,KO,PEP,industry,0.7
2529,KDP,MNST,industry,0.7
2530,KDP,PEP,industry,0.7
2531,MNST,PEP,industry,0.7
2532,COST,DG,industry,0.7
2533,COST,DLTR,industry,0.7
2534,COST,TGT,industry,0.7
2535,COST,WMT,industry,0.7
2536,DG,DLTR,industry,0.7
2537,DG,TGT,industry,0.7
2538,DG,WMT,industry,0.7
2539,DLTR,TGT,industry,0.7
2540,DLTR,WMT,industry,0.7
2541,TGT,WMT,industry,0.7
2542,EL,KVUE,industry,0.7
2543,EL,PG,industry,0.7
2544,KVUE,PG,industry,0.7
2545,MO,HSY,sector,0.3
2546,MO,HRL,sector,0.3
2547,MO,K,sector,0.3
2548,MO,KVUE,sector,0.3
2549,ADM,CLX,sector,0.3
2550,ADM,KHC,sector,0.3
2551,ADM,KR,sector,0.3
2552,BF.B,CAG,sector,0.3
2553,BF.B,KVUE,sector,0.3
2554,BF.B,KMB,sector,0.3
2555,BF.B,TAP,sector,0.3
2556,BG,CL,sector,0.3
2557,BG,DLTR,sector,0.3
2558,BG,EL,sector,0.3
2559,BG,PM,sector,0.3
2560,CPB,CHD,sector,0.3
2561,CPB,COST,sector,0.3
2562,CPB,KVUE,sector,0.3
2563,CPB,SYY,sector,0.3
2564,CHD,HRL,sector,0.3
2565,CHD,KHC,sector,0.3
2566,CHD,KR,sector,0.3
2567,CHD,MNST,sector,0.3
2568,CHD,TGT,sector,0.3
2569,CHD,WBA,sector,0.3
2570,CLX,K,sector,0.3
2571,CLX,WMT,sector,0.3
2572,KO,K,sector,0.3
2573,KO,SYY,sector,0.3
2574,KO,TSN,sector,0.3
2575,CL,DG,sector,0.3
2576,CL,MNST,sector,0.3
2577,CL,PG,sector,0.3
2578,CL,WMT,sector,0.3
2579,STZ,DG,sector,0.3
2580,COST,KMB,sector,0.3
2581,COST,MKC,sector,0.3
2582,COST,MDLZ,sector,0.3
2583,DLTR,EL,sector,0.3
2584,EL,MKC,sector,0.3
2585,EL,TAP,sector,0.3
2586,EL,WBA,sector,0.3
2587,EL,WMT,sector,0.3
2588,HSY,KDP,sector,0.3
2589,HSY,MNST,sector,0.3
2590,HRL,KVUE,sector,0.3
2591,K,PM,sector,0.3
2592,K,PG,sector,0.3
2593,KVUE,PM,sector,0.3
2594,KVUE,SJM,sector,0.3
2595,KDP,KMB,sector,0.3
2596,KDP,WMT,sector,0.3
2597,KMB,LW,sector,0.3
2598,KMB,TAP,sector,0.3
2599,KHC,PG,sector,0.3
2600,KHC,WBA,sector,0.3
2601,KR,MDLZ,sector,0.3
2602,LW,TGT,sector,0.3
2603,LW,WBA,sector,0.3
2604,MKC,WBA,sector,0.3
2605,MDLZ,WMT,sector,0.3
2606,SJM,SYY,sector,0.3
2607,APA,COP,industry,0.7
2608,APA,CTRA,industry,0.7
2609,APA,DVN,industry,0.7
2610,APA,FANG,industry,0.7
2611,APA,EOG,industry,0.7
2612,APA,EQT,industry,0.7
2613,APA,OXY,industry,0.7
2614,APA,TPL,industry,0.7
2615,COP,CTRA,industry,0.7
2616,COP,DVN,industry,0.7
2617,COP,FANG,industry,0.7
2618,COP,EOG,industry,0.7
2619,COP,EQT,industry,0.7
2620,COP,OXY,industry,0.7
2621,COP,TPL,industry,0.7
2622,CTRA,DVN,industry,0.7
2623,CTRA,FANG,industry,0.7
2624,CTRA,EOG,industry,0.7
2625,CTRA,EQT,industry,0.7
2626,CTRA,OXY,industry,0.7
2627,CTRA,TPL,industry,0.7
2628,DVN,FANG,industry,0.7
2629,DVN,EOG,industry,0.7
2630,DVN,EQT,industry,0.7
2631,DVN,OXY,industry,0.7
2632,DVN,TPL,industry,0.7
2633,FANG,EOG,industry,0.7
2634,FANG,EQT,industry,0.7
2635,FANG,OXY,industry,0.7
2636,FANG,TPL,industry,0.7
2637,EOG,EQT,industry,0.7
2638,EOG,OXY,industry,0.7
2639,EOG,TPL,industry,0.7
2640,EQT,OXY,industry,0.7
2641,EQT,TPL,industry,0.7
2642,OXY,TPL,industry,0.7
2643,BKR,HAL,industry,0.7
2644,BKR,SLB,industry,0.7
2645,HAL,SLB,industry,0.7
2646,CVX,XOM,industry,0.7
2647,CVX,HES,industry,0.7
2648,XOM,HES,industry,0.7
2649,KMI,OKE,industry,0.7
2650,KMI,TRGP,industry,0.7
2651,KMI,WMB,industry,0.7
2652,OKE,TRGP,industry,0.7
2653,OKE,WMB,industry,0.7
2654,TRGP,WMB,industry,0.7
2655,MPC,PSX,industry,0.7
2656,MPC,VLO,industry,0.7
2657,PSX,VLO,industry,0.7
2658,APA,XOM,sector,0.3
2659,APA,SLB,sector,0.3
2660,BKR,CTRA,sector,0.3
2661,CVX,TRGP,sector,0.3
2662,CVX,TPL,sector,0.3
2663,DVN,XOM,sector,0.3
2664,FANG,KMI,sector,0.3
2665,FANG,WMB,sector,0.3
2666,XOM,OKE,sector,0.3
2667,XOM,TPL,sector,0.3
2668,HAL,KMI,sector,0.3
2669,HAL,VLO,sector,0.3
2670,HES,SLB,sector,0.3
2671,OXY,SLB,sector,0.3
2672,OKE,PSX,sector,0.3
2673,OKE,TPL,sector,0.3
2674,OKE,VLO,sector,0.3
2675,SLB,TRGP,sector,0.3
2676,TPL,WMB,sector,0.3
2677,VLO,WMB,sector,0.3
